name,age,city,state,zip,lng,lat
Edwin Hunt,66,Thomas Islands,New David,Hawaii,94224,45.703335,20.278507
Brandon Miller,43,Rodriguez Island,South Jennifer,Alabama,54279,-155.619546,-5.183700
Tracy Turner,77,Shannon Gardens,New Angela,New Jersey,21165,40.863924,-19.4811005
Sherry Woodard,63,Christine Groves,South Brent,Arizona,29968,-48.473979,-60.0520015
Nathan Thompson,39,Rogers Flat,East Tabithaside,Ohio,35896,-13.175691,-35.9236435
Rebecca Lynch,27,Walker Motorway,Port Emily,Michigan,39924,-128.053051,57.288992
Thomas Russell,61,Amy Gardens,Christophertown,Oklahoma,01622,36.227013,-77.7028895
Brian Hull,29,Denise Extension,New Gina,New Hampshire,80292,111.630712,77.1145435
Heather Cochran,61,Dale Throughway,Lake Sarah,New Mexico,18691,-145.616304,-25.1189325
Steven Johnson,60,Hughes Island,Kylemouth,Nebraska,02295,-34.514508,5.4292735
Adam Davis,49,Cruz Meadows,Brookstown,Pennsylvania,67404,-162.759955,1.6588405
Megan Carter,75,Amy Unions,North Williamland,South Dakota,04698,-82.759330,-57.941661
Mark Klein,31,Rachel Villages,New Gerald,New Jersey,20797,-158.832256,-64.824044
Kimberly Higgins,40,Tina Valley,Collierside,Michigan,53407,122.791914,-31.681408
Michael Murphy,60,Sandra Garden,East Jasmineshire,Michigan,16782,-74.439256,-66.8613395
Paul Hall,34,Ryan Trace,South Melissa,Virginia,10885,-83.683758,-69.6278915
Sharon Anderson,28,Matthew Islands,South Hannahmouth,Iowa,93956,85.044395,-49.4231415
Timothy Jackson,38,Callahan Stream,East Michele,California,76729,110.374044,67.875975
Mario Alexander,60,Shawn Valleys,Port Nicolasport,Tennessee,14790,-152.901185,-35.123674
Christina Salas,70,Crystal Roads,Port Maryborough,Utah,74372,128.805749,84.249504
Donna Sanchez,56,Lawrence Vista,East Kari,Oregon,94358,-54.270779,43.512961
Colin Brooks,76,Clayton Light,East Jacob,Iowa,29049,159.206445,-24.041143
Martha Franklin,80,Jody Courts,Port Rickyberg,Rhode Island,63994,-117.165168,-82.450020
Heather Cook,69,Stewart Mills,New Juliaborough,Maine,40678,-25.356665,4.1403585
Mallory Davis,34,Joshua Bypass,West Ryan,Arkansas,11751,-157.847425,74.5757715
Darin Cole,69,Jason Loop,North Scott,North Carolina,84854,53.413444,55.6507875
Brenda Diaz,62,Valencia Trace,Christineside,Maryland,27292,173.399376,72.9307805
Douglas Young,52,Nicole Circle,Garyfort,Arizona,79909,-136.082349,-40.478069
Michele Martinez,64,Carter Pass,Laurenville,Michigan,95410,111.107794,-15.310009
Robin York,19,Williamson Road,West Amberland,Ohio,61920,-145.798282,-44.8574995
Kristin Garcia,45,David Causeway,Whitebury,Georgia,22373,-17.566554,79.911476
Michael Livingston,56,Chapman Hills,Martinezville,Virginia,13998,133.396865,10.5071675
Melanie Schroeder,43,Quinn Parks,Elliottton,Nevada,30856,-119.451211,-34.3226715
Christine Robinson,77,Bishop Center,Jamiemouth,New Jersey,37484,-74.702463,-55.904948
Scott Garcia,35,Anthony Fork,Joelport,West Virginia,80080,-49.058087,-32.292479
Daniel Love,30,Williams Common,South Carlland,Nebraska,86414,82.303175,67.0676755
Julie Lin,37,Burns Walks,Williamstown,Kentucky,58021,117.952730,30.5378665
Mark Mendoza,24,Brian Creek,Collinsland,Texas,12863,164.580370,86.6188675
Kara Walker,59,Williams Locks,Pamelaview,Wyoming,69575,-147.966013,-10.561832
Carl Coleman,79,Ferrell Port,Debbieborough,Vermont,77652,67.353254,25.595512
Tyler Johnson,50,Herrera Crescent,North Joyview,Mississippi,28101,-60.229940,7.9210775
Christine Oneill,49,Moore Point,East Lucasfurt,New York,03181,-82.682728,78.2651655
Joy Davis,76,Collins Place,Johnton,Arkansas,68612,42.191883,35.591904
Sara Carpenter,35,Megan Rest,Lake Nicholechester,New Mexico,87104,-131.734705,-62.0052285
Jennifer Jones,57,Anthony Springs,Buckborough,North Dakota,32249,142.141139,-33.7564625
Mark Lindsey,61,Corey Mission,Evanborough,Wyoming,50829,-144.939043,86.360337
Joel Jones,41,Jessica Corners,Riosshire,Maryland,59998,92.943665,16.8196655
Jacob Smith,23,Contreras Radial,Charlesland,Maine,46944,25.415143,-36.1462155
Cheryl Brooks,79,Miranda Stravenue,South Karenport,Connecticut,98429,-87.037000,22.149826
Donna Armstrong,34,Bell Squares,West Madisontown,Maryland,89311,69.563453,-63.6407165
Janice Powers,20,Bean Mountain,Jacksonfort,Utah,83594,91.889561,-46.189259
Ryan Vazquez,27,Rollins Common,North Haley,Kansas,04210,177.154160,28.361763
Jesse Moore,52,Fields Path,Jeffreyview,New York,10265,15.859056,36.8253705
Christina Molina,58,Skinner Run,Jesseview,Delaware,37891,124.903330,-34.0103445
Kristi Owen,42,Julie Trail,Port Katherinemouth,Mississippi,43443,-143.696110,18.006197
Joanne Buck,22,Ramirez Stream,West Andrewbury,New Hampshire,60098,152.491582,-58.686594
Neil Flores,44,Gregory Garden,Joneston,Montana,12180,12.758698,77.149799
Mary Kaiser,33,Debbie Creek,North Cassandrastad,Missouri,13236,-26.069062,73.9230325
Melissa Michael,37,Shelton Divide,South Hayleyshire,Wisconsin,03271,121.060914,7.110548
Steven Soto,42,Anna Causeway,Bernardview,Delaware,15131,-2.560441,77.9611375
Cristian Adkins,51,Rowe Lodge,Garciaberg,Missouri,65327,-20.497567,-46.0601795
Melissa Campbell,31,Andrew Isle,Chungmouth,Georgia,49098,33.563793,-22.207297
Jose Bray,53,Jessica Station,Blackside,Maine,65883,-46.435010,-38.3180135
Natasha Moran,23,Kirk Extensions,West Rodney,Iowa,46674,-24.610400,-15.8978065
James Orozco,35,Diane Gateway,New Williamton,Iowa,38309,-147.181651,-59.013290
Timothy Robinson,57,Lang Trace,Lynnside,New York,50275,-119.697958,27.1690065
Scott Roberts,65,Robert Unions,South Steven,West Virginia,39869,-161.304589,14.0167775
John Walters,41,David Roads,Ashleyland,California,36464,-52.194257,19.304585
Matthew Watts,27,Leonard Terrace,Campbellland,Wisconsin,76156,-169.252679,25.606104
Adrian Ford,48,Jared Ranch,Maciasland,Massachusetts,43729,-156.286994,-27.397029
Robert Gonzalez,24,Chelsea Expressway,Lopeztown,Missouri,91105,-156.251713,33.6701335
Desiree Moore,75,Hunter Stream,Lopezberg,Nevada,17448,-31.046530,75.5116245
Kevin Weber,59,Dwayne Prairie,New Anthony,Georgia,53550,-19.334958,51.3045525
Dawn Bond,21,William Coves,Lake Johnfurt,Wisconsin,54379,155.167193,-70.675489
Anthony Sanchez,25,Jordan Estate,South Anthony,New Hampshire,32264,45.795912,20.743344
Michael Hardin,22,Shelton Oval,Melissaport,Nebraska,42718,129.044078,-53.8192425
Eric Howard,24,Calvin Mill,Jessicabury,Ohio,59861,93.528794,-55.899213
Vanessa Miller,44,Martinez Bypass,West Haley,Vermont,27034,-87.680757,61.814598
Jamie Hart,46,Dennis Branch,West Nancyview,Kentucky,45939,53.133019,-64.069527
Austin Wilson,55,Christopher Isle,Carlsonmouth,Arkansas,29375,156.973798,-28.365468
William West,69,Vanessa Loaf,Carloshaven,Indiana,96397,-71.246403,-54.512592
Lisa Wilson,46,Wilson Bypass,New Isabelfurt,Oklahoma,56518,-119.784628,82.330227
Jennifer Jennings,64,Lambert Mountains,Juliemouth,New Mexico,34183,-127.373725,55.5766885
Robert Hernandez,44,Nicole Pines,South Paulfort,Maryland,27322,-84.060600,-69.559010
Jeffrey Johnson,62,Selena Key,Dannychester,West Virginia,97357,-48.860401,76.9655875
Heather Wheeler,31,Brenda Walk,North Dennis,South Dakota,24886,-150.195352,-72.1347815
Michelle Wilkins,57,Foster Oval,Thomasside,Washington,77746,14.023350,-66.6310345
Penny Edwards,74,Tiffany Lake,Lewisfurt,North Dakota,43134,108.456640,66.3788725
Troy Jones,36,Jennifer Fields,South Jasmine,Connecticut,43365,-85.627603,-69.6743455
Michael Johnson,31,Zuniga Isle,Bethberg,South Carolina,15470,149.064001,-11.138105
David Fitzpatrick,26,Holland Ridges,East Renee,Louisiana,61365,-166.621471,-88.6201125
James Wallace,80,Jonathan Center,Gordonberg,Hawaii,29324,40.600007,-1.492635
Catherine Garcia,63,Shelly Expressway,Lambertport,Hawaii,63743,155.777926,-77.2454275
Brittney Johnson,19,Cox Ramp,Riverafort,Virginia,16508,-11.798998,8.6903795
Kristina Sanchez,73,Edward Corners,Williamsshire,North Carolina,61825,-0.531819,33.850208
Shelby Foley,24,Andre Junctions,Joelmouth,Connecticut,04558,-15.453653,-69.945940
Amy Jackson,69,Manuel Union,Port Tiffanybury,Ohio,27601,164.535522,27.413847
Kimberly Peters,52,Atkinson Squares,East Jeremiahton,Mississippi,91267,-63.210168,-27.545310
Andrew Brown,23,Jonathan Run,North Angelaberg,Nevada,39391,-101.934166,49.969434
Morgan Quinn,18,Sandoval Knolls,Ortizburgh,Alabama,21641,-171.814313,40.066935
Robert Valdez,77,Johnson Mission,Chaneychester,Vermont,95736,-166.973944,76.8206225
Katherine Parker,38,Eric Isle,Jeffville,Kentucky,56415,20.558786,-41.787536
Joseph Moore,79,Rachel Squares,East Austin,Oregon,94646,-48.449419,-19.614037
Mrs. Amanda Franklin,50,Jason Road,West Aimeeview,Arizona,70876,42.957974,39.1924215
Meredith Spence,78,Lisa Points,Matthewshire,Nebraska,29757,-153.188926,68.046066
Michael Alexander,27,Jackson Gardens,West Cynthia,Arkansas,39363,55.222245,-57.553009
Christine Roberts,60,Parker Island,Jasminemouth,New York,77581,-38.801160,-63.6082155
Elizabeth Gray,78,Wheeler Falls,Cindystad,Utah,10068,-13.328149,18.3516925
Carlos Schneider,39,Pennington Forest,Lake David,Massachusetts,13948,149.683978,34.9030045
Danielle Long,62,Joshua Spring,Port Sarahland,Missouri,08863,-102.262279,-67.073872
Mary Grant,73,Decker Mission,Lake Danny,Kentucky,92781,-128.743196,-19.5085995
Carl Peterson,62,Brandi Summit,New Christopher,Washington,93193,-87.662601,76.900556
Nicole Wolf,62,Kelley Trail,West Katherinebury,Alabama,15133,114.217026,-27.052730
Robert Bennett,20,Nicholson Skyway,West Andrew,Kansas,84783,-86.023828,-10.211098
Michael Howe,65,Dunlap Port,Michellemouth,Massachusetts,06984,-158.591251,-15.480475
Gary Becker,39,Bryan Island,Lake Christopher,Iowa,49602,-48.727566,66.2472465
Julia Henderson,38,Warren Mountain,East Autumnfort,Kentucky,23664,-112.894067,77.270495
Tommy Martinez,49,Heidi Junctions,Dianeport,Pennsylvania,98094,-99.082784,-29.0542025
Savannah Walker,57,Garcia Glen,Rodriguezborough,Oklahoma,36721,54.220168,41.9824885
Ashlee Shaw,40,Wilson Rue,Hillbury,Iowa,91452,0.186646,36.108076
Michael Jackson,36,Jennifer Mills,West Jamesmouth,Missouri,43355,34.873543,-20.674385
Ryan Graves,60,Williams Branch,East Dustin,Michigan,32743,36.124733,33.7003415
Sabrina Freeman,54,Tammy Stream,New Morganbury,Wisconsin,98743,16.199946,16.584784
George Bates,51,Jerry Rapid,North Williamton,North Carolina,98916,-0.445227,5.540790
Alicia Johnston,59,Christopher Drives,New Mathew,West Virginia,26296,-155.395142,12.438634
Melody Barnes,67,Estes Motorway,West Ashleyville,Rhode Island,25851,-75.685865,-55.6920625
Brian Ayala,75,Nathaniel Crest,Christensenbury,California,67233,120.750543,44.7627935
Ricky Roman,36,Green Hollow,Lake Barbara,Pennsylvania,14883,52.389857,88.1092315
Laura Diaz,69,Collins Junction,South Michelle,Florida,54497,-72.124022,-27.3150285
Angela Martin,64,Erica Way,New Amyburgh,Mississippi,81770,157.546422,-39.250639
Jeffrey Taylor,42,Price Mountains,Hollymouth,New Hampshire,28221,13.168640,-8.1383115
Angel Mitchell,58,Heather Drive,South Bradleytown,Kansas,08920,52.568149,79.6679175
Gary Harrison,54,Tyler Locks,South Stephanieport,Georgia,09334,-145.238872,65.719977
Bryan Brooks,31,Anne Haven,Hernandezville,Florida,83252,-88.214457,-11.233919
Raymond Shelton,41,Michelle Brooks,Brownton,Missouri,39884,21.852654,-79.809055
Monica Drake,57,Jared Drive,Brianton,New Mexico,69285,-46.860824,-3.639291
Michael Barry,21,Lisa Streets,Nelsonchester,Indiana,00872,37.475516,46.362037
Alexander Hill,35,Stephanie Summit,East Hailey,South Dakota,49143,152.106884,60.127940
Perry Brown,21,Julie Track,North Emilyshire,Alabama,14250,25.614836,-88.835898
Andrea Coleman,60,Kimberly Run,Chavezchester,New York,95533,117.829960,-0.5975375
Jocelyn Short,35,Duncan Field,Jacquelineton,West Virginia,95933,-54.074412,40.371044
Alexander Salazar,38,Bender Crest,Port Garrettmouth,Montana,16551,5.886331,-56.4737765
Jamie Turner,76,Cory Dam,East Kevin,Oregon,79481,-66.942677,-79.248020
Corey Montoya DVM,25,Salinas Underpass,Haysfort,Oregon,51577,93.874839,-10.9024075
Ricardo Nelson,46,Michael Rapids,Angelachester,Utah,30543,82.492861,43.904171
Mindy Garcia,31,Christine Circles,North Benjaminmouth,California,97266,-143.297174,51.2871285
Norma Crawford,46,Joshua Junction,Millerborough,New Hampshire,89282,-10.406315,30.544315
Lee Garza,36,Tracy Ridge,Davidhaven,Pennsylvania,76574,46.280271,-66.668417
Alexandra Johnson,50,Veronica Groves,South Jesse,West Virginia,17212,-6.322649,-43.3683685
Darren Martinez,39,Robert Flat,Coffeyview,California,65508,50.352144,-48.8487515
Breanna Roberts,32,Shepherd Points,West Marychester,Ohio,04021,24.710913,80.020532
Caleb Harvey,50,Robinson Bypass,Walshbury,Wyoming,62952,139.286702,89.9244325
Carolyn Tucker,70,Patton Mountains,Ericfort,Maryland,17840,-170.164054,50.432425
Taylor Figueroa,38,Obrien Flats,Lindseyside,Maryland,51324,-27.550950,0.0924125
Edward Decker,80,Barnes Stream,Riveraport,Ohio,48745,148.665616,48.451966
Kelly Gilbert,31,Wise Circles,East Michael,New Hampshire,01135,174.622311,74.810714
Edward Aguilar,28,Sheri Bridge,Leetown,Delaware,37666,110.707923,49.199711
Jennifer Lara,36,Green Pine,East Lanceside,Kansas,38590,164.969255,-81.0113305
Manuel Anderson,27,Scott Fort,South Annabury,Ohio,83190,158.761346,48.476908
Courtney Rojas,22,Hodge Brooks,Rachelbury,Massachusetts,32908,-53.531605,52.036023
Jacob Conley,20,Perry Oval,Levymouth,Maryland,47685,-23.320709,-53.7907955
Richard Ortega,42,Hart Prairie,Finleyshire,Connecticut,65529,-51.989285,65.0361995
Dylan Lozano,80,Theresa Avenue,New Kennethfurt,Idaho,96849,-139.885668,-49.022213
William Thomas,72,Christian Ports,Lake Nathaniel,Florida,70281,123.356934,70.5737995
Allison Mccall,58,Justin Gateway,Courtneyfurt,Indiana,33683,23.932568,51.209749
William Cantrell,76,Bishop Drive,West Anthony,Indiana,48872,-0.077372,23.8661345
Rebecca Mcbride,23,White Springs,Russellhaven,Iowa,66980,132.574927,-34.920019
Brittney Nichols,80,Levine Viaduct,North Ianville,Texas,89421,-102.931714,-69.152269
Sandra Mcconnell,68,Garrett Flats,Port Michaelhaven,Louisiana,67289,-136.161236,84.536660
Raymond Brady,60,Johnson Fields,East Christinatown,Virginia,69281,-20.854354,-12.9211365
Kenneth Chapman,50,Harris Via,New Nicholas,Ohio,52170,101.241868,45.3423235
Carol Simmons,31,Davidson Stream,Martinfort,Wyoming,15049,-37.790764,27.5422005
Jason Hall,64,Mendez Lodge,Elliottville,North Dakota,49390,-52.383134,53.570604
Tracy Lee,75,Alyssa Dam,Desireeshire,Arkansas,63859,162.752658,7.7911945
Rodney Burke,52,Garcia Tunnel,New Monicaland,Oregon,62914,-152.600484,46.754228
Melissa Levy,23,Brown Gardens,Toddfort,Idaho,17320,-54.712506,-28.713061
Kari West,53,White Flat,Montgomerytown,California,35225,47.122597,-55.0038075
Nathan Martin,35,Luis Field,Wrightstad,Minnesota,45691,-112.330596,67.5490015
Edwin Smith,78,Hill Cove,Lake Jasminemouth,New Jersey,56795,-123.187650,36.9811035
Allison Peterson,57,Meghan Throughway,Lake Elizabethchester,Maryland,42093,-49.216636,49.6430225
Jacob Peterson,21,Maria Center,New Shirley,Vermont,13671,93.449709,-1.0857035
Marcus Rodriguez,60,Hart Dale,Jenniferhaven,Kansas,59300,107.103557,44.547891
Sarah Hines,52,Pierce Light,Lake Williamfort,Arkansas,25966,46.392731,-48.9384335
Susan Miller,48,Turner Pike,Charlesbury,West Virginia,83854,-81.802235,6.5286785
Nicholas Branch,68,Cowan Islands,South Brandonview,Florida,84186,40.633070,75.6293765
Adam Cameron,59,Ashley Landing,South Bradley,Hawaii,58266,154.360654,71.4926655
Corey Jensen DDS,64,Smith Keys,North Markfurt,Missouri,91062,-132.881729,32.484806
Nicole Gonzales,76,Haynes Square,New Amanda,West Virginia,59886,61.832173,25.4120005
Kim Johnson,26,Melissa Causeway,New Zachary,New Jersey,18956,124.118131,-15.9311745
Antonio Garcia,76,Brent Shoals,Lake Josephhaven,New Hampshire,73646,-130.736315,-43.092725
Taylor Coleman,54,Davis Springs,Sherryburgh,Washington,46090,18.385609,65.5880165
Megan Harris,19,Young Locks,Port Zachary,North Carolina,26262,-74.584441,-16.044168
Ashley Nelson,56,Simmons Vista,Port Mitchell,Tennessee,72128,55.860187,73.388813
Tiffany Sparks,53,Choi Drives,East Shelly,Texas,37522,-165.370281,61.9718205
Zachary Patel,53,Compton Mall,Colechester,Nebraska,99872,84.918403,80.0033595
Lori Brewer,28,Anthony Gardens,South Melindaberg,Utah,59539,-14.967914,26.118504
Adam Tate,20,Leslie Inlet,Lake Veronica,Mississippi,25727,24.772275,11.9539105
Jennifer Malone,24,Kevin Heights,Port Jack,Washington,04974,176.870130,87.851111
Gregory Ward,54,Warren Isle,Rossberg,Delaware,57305,-10.986289,42.809024
Anna Powell,32,Jay Locks,Amandaview,Wyoming,89573,110.371188,-86.9860355
Ashley Hicks,20,Rebecca Fall,Smithfurt,New Hampshire,69321,-23.307586,-53.9826775
Kim Price,19,Gabriel Heights,Claudiafort,New Mexico,54969,-108.702324,-13.599352
Darius Wise,80,Hubbard Shore,Hartbury,New Hampshire,64712,-67.989678,-2.319797
Tracy Miranda,30,Dean Manor,Charlesstad,Wyoming,87655,-77.978905,-56.7463665
Janet Henderson,19,Dillon Brook,Lake Bradley,Missouri,73724,3.661025,10.044537
Rhonda Jenkins,48,Megan Squares,Leehaven,Florida,15700,-67.963706,50.437659
Jennifer Fischer,51,Fernandez View,South Bryan,Florida,09002,-127.914768,-80.682312
Terry Hill,65,Robert Cove,Keithhaven,Massachusetts,65031,135.556050,-37.1152545
Blake Simpson,68,Richards Coves,East Johntown,Florida,37772,-146.377531,-11.782911
Michael Bailey,30,Pugh Trail,East Gabrieltown,Florida,60206,128.401824,-10.4916465
Dean Hill,19,Shane Drives,Vanessahaven,Iowa,15266,-131.223664,25.425524
Traci Sanchez,57,Hill Wall,Gibsonland,Colorado,52739,-45.665497,-44.3394985
Heather Sims,48,Mendez Square,Manningview,Oklahoma,72268,-170.078412,27.968888
Lori Nelson,71,Bray Ways,South Ambermouth,Minnesota,18048,23.398516,-20.537030
Austin Miles,64,Calvin Squares,New Joshuaview,Arkansas,59739,-53.372818,11.9072865
David Fisher,29,Todd Summit,Kaiserview,Alabama,68418,178.379023,-7.1860165
Adrienne Walker,51,Collins Shoal,Melissatown,Michigan,12910,91.941401,-44.8329175
Elizabeth Perez,79,Christina Stravenue,Hernandezmouth,Alabama,16277,40.856696,27.717757
Matthew Bradshaw,34,Todd Mission,South Amyton,Maine,36189,-38.138539,43.576853
Tonya Cunningham,37,James Prairie,Washingtonstad,New York,22150,-29.616740,86.2335105
Zachary Cline,25,Anderson Lodge,East Maureenborough,Montana,50943,-141.511279,-25.063852
Heidi Morse,33,Oneill Ports,North Laurenbury,Wyoming,48498,-26.587587,6.0101005
Lisa Curry,23,Fuentes Gardens,South Lindastad,Arizona,59856,-1.645866,73.3289415
Melissa Webster,71,Sanders Court,Timothytown,Mississippi,79912,-29.457413,-70.6005345
Monica Black,37,Gross Flat,Nancyton,New Hampshire,19915,-139.954435,-85.7355455
Kerry Wolfe,75,Wallace Ports,North Justin,Delaware,51460,123.532332,-30.2796225
Kelly Ellison,60,Karen Highway,East John,Nevada,06411,100.608474,-38.710274
Maurice Huffman,45,Carlos Dale,Michaelmouth,Georgia,52578,-84.159317,-3.800480
Christina Pace,75,Schmidt Landing,Lake Geraldland,Pennsylvania,51586,175.402361,-37.6617295
Morgan Mcdaniel,19,Darius Parkway,Lake Shelbyfort,Oklahoma,97132,-134.292797,-3.7579625
Crystal Carlson,45,Harris Wells,Odomburgh,Maryland,52874,-0.494164,-19.5239695
Nancy Graves,34,Cabrera Knolls,West Harryland,Connecticut,20335,34.135920,42.565858
Cindy Summers,57,Carpenter Mount,North Jaredton,Nevada,97158,-163.595931,75.9915435
Shawn Velasquez,35,Hannah Keys,Bushside,Illinois,77966,-108.925233,81.880770
Nicholas Larson,35,James Pine,West Jamesfort,North Carolina,14949,17.648961,11.7179405
Austin Jones,46,William Well,North Kevin,Texas,32223,-68.211586,-34.4050705
Sarah Galvan,72,Brian Ridges,Robertoborough,Nebraska,74903,-134.679165,-66.5475195
Dr. Jacob Rivera,42,David Cliff,New Shane,Alabama,17470,22.304186,79.8663625
Jesus Daniels,62,Neal Knolls,Allenberg,Kansas,67640,152.629000,-77.049861
Michael Robinson,27,David Drive,Kramerton,New Mexico,29137,115.638312,-33.205608
Melanie Hudson,80,Kristin Gardens,East Williammouth,Oregon,87401,164.250663,4.8787075
Cory Berg,41,Frye Estates,Edwardborough,Oregon,74172,80.131589,35.8134395
Carol Moore,18,Perry Causeway,Lake Wayne,Ohio,17491,-172.872006,67.560697
Victoria Martinez,78,Tracy Inlet,Mooreside,Idaho,44647,122.953323,-43.5235525
Joshua Oconnell,60,Thomas Dale,Coxport,Michigan,17822,0.498532,-87.5605875
Tammy Edwards,35,Seth Burg,Douglaston,Ohio,25190,-70.488470,-76.157761
Aaron Morales,79,Amy Village,Angelamouth,Pennsylvania,89201,170.492561,48.2151785
Nathan Walter,43,Lopez Motorway,Lake Jason,Maine,59230,11.933001,-40.585793
Patricia Drake,51,Eric Garden,Lake Vanessa,Arizona,01706,128.182107,-24.953813
Michael Bowman,29,Smith Brooks,South Jason,South Dakota,67853,-69.770318,-89.9258225
Andrew King,46,Perez Brook,West Mollyville,Ohio,77209,-179.789393,67.9863765
Craig Cruz,26,Justin Inlet,East Samantha,Connecticut,99401,-47.779559,41.403147
Sarah Mckee,53,Nguyen Locks,Brooksmouth,Oregon,70954,-152.651320,-21.5019855
Brandon Sandoval,63,James Rue,Catherinestad,Maine,71435,95.982700,-5.094244
Elizabeth Evans,45,Williams Crest,Port Kellyberg,Michigan,00913,154.848870,67.9441355
Robert Rush,35,Lisa Club,Atkinsonland,Washington,97357,-78.886370,19.404458
Christopher Hart,63,Lonnie Terrace,South Patricia,Ohio,91475,8.225619,-60.758845
Nathan Gordon,59,Ramirez Extension,Port Davidfurt,Maine,29316,146.691149,25.6293205
James Lee,53,Fisher Well,Angelaport,New Jersey,37876,-162.830652,-37.4881775
Kristen Williams,70,Davis Circle,Taylorburgh,Tennessee,25347,-159.804311,35.583768
Nicole Oconnell,71,Galvan Highway,East Johnmouth,New Hampshire,40841,31.131947,-39.008398
Lynn Hill,49,Thomas Knolls,West Ashley,North Carolina,19211,78.529317,5.638317
Tamara Lamb,35,William Shore,Moorehaven,West Virginia,64280,142.446291,-73.0880785
Bruce Allison,42,Ramos Junction,West Madisonton,Rhode Island,54230,159.594584,-38.0296785
Ryan Baldwin,53,Tyler Flats,Christyland,Delaware,26270,-159.813139,-77.7830235
Dr. Samantha Larson,71,Brittney Street,New Justinport,North Carolina,44846,-52.092842,79.822034
Steven Wood,74,Mendoza Way,South Michaelburgh,New Mexico,28228,-78.867023,-24.3055475
Lawrence Miranda,66,Harper Mills,Scottmouth,Virginia,16614,-126.109040,72.3695745
Terrance Thompson,59,Howard Viaduct,Anthonyview,Virginia,06584,115.472668,-21.899155
Cynthia Moss,79,Mitchell Shores,North Melissaport,Washington,20672,140.854333,-18.5147325
Tara Moore,28,Sally Meadows,Davidtown,Iowa,27874,12.376129,-28.5733215
Kenneth Simpson,51,Larsen Crest,Velasquezview,Arkansas,58912,-57.017088,77.988448
Andrea Summers,58,James Parkways,Parkerton,Mississippi,72333,78.498849,60.390926
Benjamin Roberts,79,Willis Bypass,West Jacqueline,West Virginia,33245,-63.414615,18.102654
Mary Miller,52,Thomas Plain,Juanhaven,Hawaii,55567,-48.281048,-7.3966415
Courtney Salas,29,John Cliff,Smithview,West Virginia,82790,110.627976,27.105957
Nicole Collins,27,Ashley Lodge,Lake Ryan,Idaho,20156,116.896791,-30.648407
Nicholas Adams,41,Laura Gateway,East Kristintown,Minnesota,32237,-17.646020,15.5235905
Veronica Taylor,56,Dawn Overpass,Rubioview,Arizona,96209,-66.512870,-75.8026335
Thomas Haley,29,Reyes Viaduct,Fitzgeraldmouth,Kansas,93828,40.361262,-44.451720
Patrick Grimes,56,Cooper Squares,Petersontown,Kentucky,95777,48.448533,-70.402549
Lindsey Jacobs,56,Dunn Estate,Jenniferton,Kentucky,16327,-7.764937,-46.463838
Heather Gregory,27,Victoria Isle,South Eric,New Hampshire,07886,-124.651263,40.5564415
Denise Flores,41,Ortega Summit,New Josephfurt,Delaware,77272,159.318310,-68.4856505
Michelle Bryan,44,Smith Mills,East Cody,Kansas,95207,6.614858,85.2123685
Amanda Hamilton,61,Marc Grove,Tammytown,Nebraska,56748,-112.988692,63.8345395
Kelly Houston,60,Young Road,Port Johnchester,Nebraska,46962,150.426582,84.958716
Christopher George,44,Denise Knoll,Port Zachary,North Carolina,06617,45.341056,3.930153
Chris Horton,59,English Drive,North Shannonmouth,Indiana,23827,152.696642,79.372810
Amber Hughes,45,Case Landing,Fowlerville,Kentucky,12777,-27.656250,-4.3648355
Michael Horton,23,Rodney Divide,Ronaldport,Missouri,51947,167.421444,-78.244339
Lindsay Mcintyre,19,James Trail,Lake Samantha,Colorado,83158,139.706442,-44.4461935
Stephen Willis,72,Jenkins Walk,Baileyburgh,Indiana,19150,143.763049,-58.992285
Brandon Martin,53,Christine Trafficway,Jessicashire,Alaska,49484,-69.570781,46.340603
Marisa Chavez,46,Emily Creek,Harpermouth,Arkansas,32018,-8.288797,28.228055
Sarah Petty,56,Michelle Wall,Wheelerchester,Mississippi,24967,171.344012,6.1721105
David Miller,46,Lynn Views,Lake Kimberlyberg,Pennsylvania,14943,5.911086,28.410317
John Nelson,44,Roberts Springs,North Josephville,North Carolina,42687,-66.614577,-64.332962
Debra Howard,29,Lambert Passage,Lake Vanessa,Florida,66010,48.169786,-36.2350785
Matthew Reed,68,Jacob Wall,West Kennethmouth,Oregon,45194,-38.442378,-17.5977475
Cynthia Meyer,71,Mary Mission,Lake Christinestad,Oregon,39515,111.304547,27.819539
Christopher Walters,29,Lee Wells,Lunaville,Colorado,96934,177.895233,17.647802
Marc Johnson,19,Jason Mill,Port Sandratown,Minnesota,90557,-166.023002,57.1283765
George Patel,76,Monroe Cliff,Abigailfurt,Montana,49933,173.631365,74.3263075
Cory Ortiz,62,Brittany Terrace,South Lindsay,Alaska,70696,175.379841,-51.9686955
Yvette Palmer,30,Donna Brook,Kylechester,Kentucky,13155,65.815630,-55.337706
David Davis,26,Singh Forges,Jenniferland,New York,07193,126.474135,-84.075618
Aaron Bennett,63,Angela Brook,Lake Alyssa,Kansas,54764,-150.038409,-34.533373
Scott Thompson,39,White Glens,East Scott,Texas,72732,136.965041,62.342483
Danielle Thomas,76,Thompson Village,North Amyton,Florida,26648,80.063594,56.349015
Melissa Adams,63,Hicks Courts,West Kaitlinside,West Virginia,04323,15.553535,8.340512
Victoria Russell,52,Hernandez Pass,Armstronghaven,Texas,97136,-8.568875,-45.0118905
Cody Faulkner,25,Bryan Streets,Patrickton,Louisiana,75599,-128.960759,-16.8626335
Marissa Garrett,68,Kevin Plaza,East Kenneth,New Mexico,42957,111.910217,-55.3522505
Lauren Montgomery,56,Wolf Pike,Whitechester,Kansas,09518,176.585311,-45.062832
Amber Lyons,23,Sarah Fork,North Valerieside,California,63328,68.011990,-74.4963325
Vincent Wall,36,Carl Loop,Andersonbury,Nebraska,46472,146.774221,27.905009
Lisa Nelson,38,Taylor Viaduct,Vegaton,Ohio,33271,85.672173,37.038730
Blake Thornton,55,Marshall Junctions,Lake Reginachester,Illinois,32482,-25.008159,-87.4542645
George Hunt,54,Michael Parks,North Adam,Rhode Island,75946,153.267429,24.2730925
Lawrence Wilson,78,Bryan Club,Johnsonfurt,Georgia,41059,31.345056,58.4215395
Daniel Garcia,34,Washington Rest,Sarahland,Nevada,04369,30.254410,71.153264
Tiffany Young,64,Adam Springs,Wilsonport,Arkansas,92987,157.015193,-40.3478465
Kristina Miller,67,Nancy Pike,Tiffanyland,Tennessee,87065,146.102300,-65.3970025
Joseph Long,54,Garrett Springs,Port Jesseland,Washington,07225,-141.357572,-76.570933
Nicole Bennett,25,Elizabeth Squares,Lake Tyler,Delaware,09578,-119.869026,60.4911355
Alexander Sutton,76,Wilson Skyway,Victorialand,Wisconsin,61564,112.746205,2.196864
Tammy Gibbs,55,Jasmine Expressway,Mendozabury,Iowa,93388,174.461751,-82.6023545
Robert Huffman,75,Massey Skyway,South Christon,Louisiana,44737,87.621895,-37.667656
Michael Tucker,66,Ryan Valleys,South Stephanie,Wisconsin,33825,122.423030,-24.9541005
Ashley Walton,32,Michelle Islands,Lake Matthewfort,South Dakota,47802,176.155130,-24.142641
Jamie Blanchard,43,Randy Inlet,Robertsonfurt,Oregon,58693,-165.307552,19.7301575
Kathryn Mccormick,60,Brenda Forks,Meghanborough,Alaska,32325,-16.247349,-1.2640595
Michelle Gardner,71,Andrade Junctions,Lake Stanley,Hawaii,79245,49.739012,-80.6736015
Brenda Carpenter,58,Cynthia Fords,Port Sarah,New Hampshire,12400,137.559955,71.0360475
James Johnson,61,Miles Parkway,Josephport,Florida,45965,76.282568,-18.2041855
Monica Stone,59,Johnson Vista,Port Jason,California,77211,-148.697989,-67.8453545
Lisa Green,51,Lutz Valleys,Jennifershire,Indiana,28629,88.394893,-5.552641
Brenda Krueger,48,Owen Inlet,Alexanderburgh,Missouri,06972,-38.714710,19.422458
Jake Smith,55,Joseph Estates,North Ashlee,Kentucky,34562,-127.013500,75.2841565
Rebecca Bell,23,Christopher Manor,West Felicialand,South Carolina,97177,-11.053059,70.543518
Jeremy Morris,66,Carol Way,Mooreburgh,Kansas,98716,-38.429636,-65.643088
Christopher Cole,34,Stacy Stravenue,Lake Amanda,Hawaii,83965,163.983846,4.1948445
John Thomas,45,Carrillo Hill,North Carmenchester,Louisiana,77793,-140.007662,35.6397365
Andrew Rivera,50,Peters Rapid,East Sandraland,New Hampshire,37274,-64.409046,5.481718
Cynthia Haley,65,Wilkins Forges,South Elizabeth,Utah,22248,127.909590,39.9942675
Samuel Perez,19,Joshua Groves,New Brandonburgh,Washington,16847,-174.187478,-10.680039
Jacob Fernandez,52,Zachary Hill,Davidside,Rhode Island,26415,-147.269958,88.254996
Daniel Vega,69,Kennedy Shoals,Lake Rachelview,Michigan,08879,123.301978,10.8965265
Melissa Raymond,26,Williams Locks,South Sherri,Oregon,49660,-131.564032,10.583517
Holly Smith,49,Harris Grove,Lauraport,Mississippi,26834,-10.736832,-58.6940885
Anna Gonzales,20,Francisco Isle,Sarahborough,Mississippi,23604,-175.364245,-27.517936
Monica Norton,59,Collins Junction,East Teresa,Maryland,49911,175.987743,23.313141
Kayla Hernandez,51,Bailey Trace,South Bryan,Rhode Island,20820,-179.982462,19.1682175
Samuel Colon,58,Dylan Glens,Jennaview,Illinois,30745,55.901334,-68.0400695
Erin Smith,80,Joel Trafficway,East Patrickville,Nevada,15183,118.743640,83.1563435
Samuel Hebert,75,Graves Via,Banksville,Nebraska,04822,-179.603104,-40.827654
Susan Ryan,42,Vaughan Spurs,Millershire,California,73685,-111.366344,-35.484135
Sharon Rodriguez,45,Holly Extension,New Donnaport,Colorado,83697,142.812839,-25.4183345
Michelle Smith,75,Yvette Spur,Ronaldton,Tennessee,93821,19.990629,0.6817775
Jason Webb,32,Rodriguez Lights,Wandaland,North Dakota,77550,-61.007958,69.685013
Elizabeth Simmons,45,John Junction,Alexisbury,Wyoming,32423,-143.946726,87.960570
Brittany Brady,79,Sonia Views,Port Roger,Washington,50329,91.176236,-29.4847695
Nathan Schneider,44,Pittman Bypass,West Joseph,Oklahoma,47680,-53.544872,-50.3767625
Amber Merritt,56,Jonathan Row,Lake Janet,Alaska,61701,148.862589,-6.002096
Tyler Gordon,77,Mary Crossing,East Chad,South Dakota,81477,71.002913,37.646694
Brooke Howard,32,Lewis Wells,South Johnbury,Kentucky,85202,11.045430,54.8160335
Jimmy Martinez,67,Jennifer Mountains,Pricemouth,Wyoming,53565,123.977180,-45.7238555
Adam Sandoval,69,Hall Route,West Seanview,Arkansas,74102,74.279992,37.9377275
Valerie Collins,33,Brown Wall,Codyview,Alabama,40506,-53.514235,78.840254
Jill Stark,40,Flynn Junction,Gillespieborough,Colorado,20032,-167.075303,-14.609523
David Green,36,Adams Turnpike,Davidtown,Wyoming,85699,-11.807610,7.759715
Gail Wilson,18,Rice Trail,Johnstad,Oregon,95524,88.929890,26.7376525
Lauren Foster,53,Kathy Stream,Gabrielleburgh,Mississippi,01198,-155.499333,-73.301741
Manuel Montgomery,23,Tate Ville,West Jenniferhaven,Ohio,63893,73.114365,-21.6422025
Robert Barber,65,Amanda Road,West Tyronefurt,Alabama,10665,-135.701400,13.1567585
Darius Hoover,50,Nelson Union,Nathanielfort,Colorado,48068,-141.118289,-6.360854
Diane Walker,58,Hicks Extensions,East Ann,South Carolina,94506,86.329019,-88.015910
Haley Delgado,21,Blair Plains,Christopherchester,Alabama,61331,123.270040,-58.941738
Zachary Smith,39,Graham Road,Danielfurt,Ohio,70889,111.511553,32.7841155
Erica Morgan,41,Sylvia Crescent,Russellview,Florida,71383,-111.272628,18.6179535
Jessica Garner,68,Jones Stream,East Sandraport,Ohio,26469,-133.907846,22.582787
David Stevens,66,Gene Plaza,Thomaston,Alabama,98269,-125.697322,48.499760
Robert Lowe,50,Esparza Square,Pattersonport,Maine,62209,102.021144,-25.3873355
Sherri Mueller,51,William Meadow,Oconnellland,South Dakota,91485,-55.267539,-17.9789925
Sandra Lam,60,Amy Mount,Ashleychester,South Carolina,85581,162.985612,-2.174440
Bruce Martinez,76,Miller Underpass,New Shaneville,Delaware,29927,6.488930,-66.6493775
Erika Jones,60,Nicholas Heights,Goodmanborough,Oregon,33694,69.357083,35.667898
Robert Smith,22,Zachary Valley,Port Kimberly,New Jersey,36540,8.071535,55.8359075
Matthew Williams,26,Nicholas Lodge,Lake Rebeccatown,West Virginia,53685,-167.639879,-77.6410435
Eric Chavez,18,Matthew Village,Christopherport,Connecticut,47065,126.869113,-89.791304
Cathy Garza,70,Laura Vista,Amberside,Ohio,73505,103.029434,60.431526
Felicia King,69,Evans Fork,Vasquezfort,Kentucky,71815,-158.771111,57.6303955
Jonathan Bradley,79,Miller Brook,Port Josechester,Tennessee,28452,-131.669256,-6.725276
Michael Padilla,68,Campbell Mountains,South Douglas,South Dakota,09871,-157.510416,36.9661105
Patricia Strong,56,Carl Mission,Lake Jeremy,New York,89672,-8.120805,13.333299
Diane Lowe,25,Diaz Island,Port Taylor,Wisconsin,14520,30.638800,76.531245
Robert Cook,23,Goodwin Square,Nunezmouth,South Carolina,09632,114.359193,79.519957
Ronald Johnson,49,White Road,Biancastad,Wyoming,63426,169.879717,57.9469055
Jack Olsen,48,Hernandez Station,Marshallchester,Virginia,88753,37.881565,-88.276820
Wendy Young,63,Blankenship Courts,Lake Johnside,Virginia,32680,-24.052264,-29.7080355
Maria Stewart,58,Phelps Fords,Donovanhaven,Georgia,51846,127.363925,-0.5460485
Natasha Herring,27,Anthony Loaf,Lake Amanda,West Virginia,14431,90.072108,20.3729545
Susan Martinez,35,Brown Run,Lake Brianfort,Illinois,79436,114.960638,13.914940
Michael Watkins,75,Krista Streets,Molinaside,Kentucky,43518,-176.467847,55.135875
Donna Houston,66,Ashley Prairie,Jillville,South Dakota,52993,-109.062120,-11.208297
Michael Keller,37,Mark Drive,Dustinstad,Georgia,96703,65.948162,-42.738576
Stacy Kim,30,Fuentes Roads,Jenniferstad,Georgia,45013,13.247828,73.8778875
Allen Moss,24,Kenneth Light,Juarezmouth,Ohio,28808,-177.310319,73.2047385
Kimberly Sharp,44,Osborne Meadows,Carolborough,Virginia,84018,-35.087916,-15.3253905
Bobby Berry,49,Alisha Mission,Joannchester,New Hampshire,06554,-6.003805,-11.390900
Roger Morris,39,White Extensions,Michaelmouth,New Hampshire,02969,-6.368348,-66.0206315
Sarah Davis,65,Roy View,Jimenezport,Vermont,88118,-29.309216,-67.8327775
Christian Rodriguez,75,Griffith Forks,Lindseytown,Texas,66140,58.110598,6.8585845
Brandon Avila,80,Haley Mews,Port Bryan,Texas,30012,-176.402461,6.151502
John Watson,39,Craig Estates,Port Ethanborough,Nevada,06542,152.813027,8.136764
Judith Hess,51,King Center,East Garyhaven,Minnesota,56324,-73.505264,63.7532755
Karen Stafford,33,Buchanan Valleys,South Douglasland,Arkansas,58638,-170.130211,13.863439
Christopher Velazquez,77,Megan Hills,Courtneyborough,New Hampshire,43631,-126.053328,-66.2956885
Christopher Nash,29,Jonathan Lock,North Erinstad,New York,63112,107.656471,-33.470178
Michelle Wagner,18,Lori Grove,Carmenhaven,Arizona,44585,35.481410,-19.5164905
David Hernandez,80,Martin Knoll,Rodriguezfort,Connecticut,71022,-103.930320,-24.919619
Matthew Bush,44,James Lane,South Valerie,Indiana,91842,103.303904,14.742439
Mary Black,34,Jessica Burg,North Johnfort,Rhode Island,28635,157.144152,79.9827105
David Anderson,43,Atkins Lock,Lake Sandra,Illinois,40882,167.785552,7.108846
Alison Brown,79,Nicole Meadow,Arnoldside,California,33030,88.060956,-1.1701335
Kristy Duncan,35,Jennifer Burgs,Sandersside,Tennessee,57999,-171.575566,-44.880293
Valerie Walls,57,Jeremy Shores,Port Jamesville,Indiana,62281,170.647924,61.498725
Samantha Frank,67,Diamond Glen,Larryton,New Jersey,12602,-161.086169,43.0981445
Tiffany Wilkins,60,Brian Plains,Lynchshire,Florida,63588,9.695815,85.983557
Patricia Ball,78,Adam Mountains,South Dennisbury,Arizona,11693,-129.999676,-48.893308
Holly Yates,67,Daniel Avenue,South Kristina,North Carolina,79012,160.693243,40.4084685
Dana Cannon,26,Amber Rue,Campbellborough,New Hampshire,58320,152.923821,83.5815235
Emily Park,58,Timothy Ford,East Annaborough,Michigan,69187,32.754898,-32.590220
Rebecca Meyers,55,Cynthia Pike,Lisafurt,Kansas,46996,-74.700811,63.510406
Lindsey Miller,57,Joseph Isle,East Ashley,Alabama,19818,-93.289026,89.5237555
Paul Fuller,79,Nicole Ville,Hunterton,Minnesota,21505,-43.159370,50.7677645
Michele Zhang,64,Laura Wall,North Mollyfort,North Dakota,05425,40.481835,39.122673
Michelle Kelly,45,Cody Divide,Ambertown,New Jersey,59194,-138.090163,80.341536
Jane Gregory,44,Harrison Centers,North Anthony,Oregon,83299,-71.764399,2.7755145
Michelle Burns,51,Michael Circle,West Kimberlyville,South Dakota,73509,109.833533,29.2429145
Trevor Olson,58,Christine Expressway,Port Angela,Louisiana,03431,50.064759,83.940510
Alicia Fleming,29,Kimberly Station,Lake Katelyn,Arizona,92527,-18.252435,-0.092464
Victoria King,24,Todd Overpass,North William,South Dakota,84008,-141.988577,53.1278455
Kim Young,45,Samantha Springs,Smithfurt,Oklahoma,67117,-131.732922,67.079951
Wendy Thomas,21,Donald Prairie,East Nicholasport,South Carolina,71340,-155.655265,45.6470575
Michael Erickson,72,Nicholas Parks,Murrayshire,Arizona,23247,-103.795128,-9.9851405
Joseph Nguyen,54,Jeffrey Brooks,Port Michael,Kansas,45744,79.053749,-76.3118645
Stephanie Guerra,24,Tyler Prairie,East Brett,West Virginia,01115,170.434304,19.530066
Christian Harris,29,Travis Shoal,Rileyhaven,Hawaii,91645,50.561983,-22.3834585
Samantha Lopez MD,68,Sherry Manors,Chadhaven,Mississippi,94566,-114.218579,-25.172566
Isaiah Evans,28,Smith Lake,Rickport,Oregon,89699,46.067914,82.159599
Thomas Green,59,Smith Via,New Josemouth,Delaware,64963,-126.235781,37.5907065
Matthew Taylor,54,Johnson Street,Port Benjaminfort,Alabama,70524,173.148550,-74.155241
Jordan Kim,54,Ortiz Land,East William,Arkansas,54392,131.450732,-56.910945
Jason Sanders,36,Ashley Rapid,West Raven,Illinois,59317,73.485171,5.085538
Robert Duncan,47,Sydney Trace,Port Mary,Virginia,27485,54.732727,-66.2003015
Ashlee Bryant,65,Shane Trail,Port Anthonyburgh,Kansas,73013,-104.922625,5.926898
Rodney Shepherd,27,Anthony Land,Sheenaview,Tennessee,69576,132.858768,-7.7771535
Allison Davis,30,Garner Flat,New Bruceborough,Washington,47577,47.018207,-76.6863535
Aaron Jones,55,Lawson Pines,Nicolaschester,Arkansas,51871,-98.389111,63.567937
Mrs. Michelle Prince,34,Jordan Island,East Christinaberg,New Jersey,34973,106.390852,45.5788355
Cynthia Smith,50,Joshua Parkway,Lucasberg,Virginia,02758,12.750867,-8.128780
Dorothy Reed,58,Jesse Pike,Michaelside,Connecticut,74319,71.113158,-84.726328
Michelle Hendrix,33,Erin Haven,Kennethbury,California,58807,-157.459698,-71.747041
Thomas Wilson,62,Jesse Common,East Nicoleberg,Illinois,10371,53.578542,-48.3379725
David Robertson,38,Carson Wells,North Tara,North Carolina,08484,-44.204879,-48.524898
Jonathan Lewis,50,Hines Wall,Gallegostown,Illinois,10861,-73.966364,-35.1463225
Andrew Lowery,19,Madison Fall,Brandonhaven,South Carolina,74412,86.894655,-19.234200
Lauren Ryan,40,Joseph Rapids,Romeromouth,Georgia,36378,66.956614,70.5141305
Christopher Maldonado,52,Joshua Harbors,Robertchester,Utah,01006,149.650222,-88.4436185
Matthew King,36,Davis Lakes,North Jasonview,Kansas,44859,113.745538,76.734127
Gregory Jones,70,Smith Cove,Joelmouth,Alaska,99097,92.128421,41.636309
Cheryl Smith,62,Elliott Plaza,New Wendy,Utah,40346,-100.385134,-75.1670735
Amanda Wilkerson,52,Young Views,Aliciaview,Vermont,75177,-93.543409,-12.1847365
Amber Richardson,51,Wagner Squares,Danielstad,Idaho,07034,132.569411,39.6723295
Mark Cook,65,Garcia Drive,West Morgan,Illinois,60841,-31.477605,-19.2636825
Jaime Gonzalez,43,Jones Inlet,Joneston,West Virginia,08990,-146.981844,37.3441535
Maria Jones,22,Walker Rapids,East Emily,Washington,38099,168.327215,-76.207269
Brandon Taylor,30,Lee Dam,West Brooke,Ohio,89616,36.270089,22.1448935
Dylan Brown,29,Derrick Manor,Traceyfort,Kentucky,77510,-80.288543,86.422197
Jennifer Davenport,68,Lauren Mission,Garciashire,Texas,31034,-62.810910,-43.003591
Matthew Haynes,46,Edward Point,Jacksontown,Washington,85305,-21.886213,-16.247966
Susan Hutchinson,18,Peters Park,Lake Roberttown,Maine,95565,-88.936944,41.069938
Nicholas Franklin,38,Sandoval Streets,West Carla,Arkansas,99678,-43.016969,-60.1379615
Ashley Holden,55,Anderson Mount,Lake Michelemouth,Georgia,10904,-74.290561,86.760613
Jasmine Crawford,36,Miller Cliff,Port Tonya,Nebraska,61655,-19.780387,23.775371
Autumn Lynch,41,Samantha Mountains,East Elizabeth,Arkansas,12566,-114.212212,-63.6224705
Rebekah Burke,63,Deanna Dam,Lisaport,Wyoming,62716,12.463109,71.2782885
Jennifer Mann,23,Mack Shore,Johnmouth,Kentucky,57982,-31.491191,-21.706343
Chelsea Cunningham,69,Berry Spur,Lake Lucas,Utah,97200,-176.086607,50.426331
George Brown,37,Chambers Manor,Timothyshire,Alaska,54451,-174.243970,28.117422
Suzanne Clarke,63,Michelle Ville,Port Eric,New York,84444,-173.982800,64.720200
Jennifer Martin,68,Kathleen Heights,Ronaldborough,New Jersey,36491,-100.199111,81.9991575
Laura Scott,59,Jessica Parkway,Lake Brittanystad,New York,08154,-160.701821,27.567434
Bethany Griffin,67,Trevino Drives,North Nicholas,Wyoming,97675,-57.712396,78.6565565
Allison Bennett,44,Andrew Rue,North Bryanville,Montana,86590,-74.314237,-1.810102
Nathaniel Johnson,74,Murray Harbors,Port Johnstad,Vermont,71737,49.958707,-46.2947195
Matthew Campbell,73,Jones Fork,Lake Nancyport,Oregon,77185,73.535413,8.0959225
Brian Ortega,48,Stacey Plain,South Elizabeth,New Jersey,28913,-111.134083,-18.9055025
Brian Lawrence,37,Emily Canyon,Barkerburgh,Alaska,37070,-146.444031,-7.028875
Jessica Ward,72,Tran Ramp,Lake Ashleymouth,Georgia,95187,57.380732,3.7577325
Tiffany White,34,Betty Wall,South Edward,Michigan,30783,41.860292,79.537465
Andrew Kelly,34,Wallace Prairie,Hudsonview,New Hampshire,22674,-80.678868,-17.6888195
Joseph Nguyen DVM,20,Janice Ville,Mendezside,Georgia,47729,-171.282714,34.2972755
Ann Carroll,30,Evans Junction,East Morganmouth,New York,88390,92.467916,38.9741595
Gina King,23,Allison Parks,South Maria,Minnesota,39189,129.494779,36.9769535
Mark Bates,20,Kelly Hollow,New Sherry,Tennessee,00765,-6.267239,14.3764565
James Lester,64,Young Stream,Reedburgh,Oklahoma,27175,107.080348,62.900890
Patrick Stuart,40,Miguel Points,East Jerry,Iowa,20077,9.024138,25.369865
Nicole Frazier,20,Moreno Cape,Barbaraberg,Kentucky,73725,-34.546911,-30.875732
Benjamin Vaughn,48,Davis Flat,Foleyfurt,Maryland,77370,17.763289,37.438801
Rebecca Merritt,63,Martin Spur,New Michael,Texas,68390,-14.534502,59.2331665
Ryan Stephens,59,Tonya Vista,Robertaview,Kentucky,43682,-25.609166,21.164998
Alex Thompson,37,Kenneth Pine,Kingchester,Idaho,97690,158.851924,-15.3693235
Aaron Black,53,George Lane,Shawnborough,Illinois,98021,-36.885227,45.658920
Joshua Ward,39,Heather Lake,Jamesmouth,West Virginia,78975,135.643538,-75.252999
Jill Wade,55,Walters Lodge,New John,West Virginia,19224,-63.669180,55.326177
Emily Brown,53,Amy Gardens,Priceville,New Hampshire,84653,-48.531730,-63.8194155
Allison Davis,34,Krueger Stream,Omarmouth,Wisconsin,53368,-160.502995,49.291456
Rebekah Fox,55,Wheeler Spurs,West Justinmouth,Nevada,15488,-114.308823,30.601402
Timothy Harris,70,Anderson Underpass,Shellystad,Illinois,62369,-60.810729,12.9155935
Annette White,27,Chelsea Isle,Maryfort,Nevada,74395,136.690606,-58.1455745
Jessica Bruce,30,Orozco Circles,Boyerstad,Mississippi,39643,149.254266,-65.6736235
Kenneth Peterson,49,Anderson Key,Aprilville,Michigan,20325,78.854602,86.6239535
Luis Davis,56,Diaz Oval,West Sandramouth,Alaska,59430,-0.010285,63.879205
Bonnie Donovan,30,Jack Mission,West Ashley,Iowa,28544,-92.526400,68.327131
Kristin Williams,56,Johnson Light,West Katherine,Iowa,70607,87.497668,-63.212669
Daniel Fox,30,Patrick Walks,New Kellihaven,South Carolina,35994,-107.152828,78.441021
Scott Boyer DDS,70,Jackson Crossroad,North Jessica,Michigan,03289,-9.789381,34.497600
Timothy Lamb,29,Brown Junctions,New Alexisberg,Oregon,11404,94.141483,77.005473
Jonathan Bishop,79,Bell Courts,Bryanshire,Pennsylvania,07227,-163.448064,-24.3570915
Jamie Hobbs,36,Daniel Burgs,Smithfort,New Jersey,72038,-91.318051,87.3022305
Kenneth Waters,74,Christopher Parkways,South Robertport,Illinois,66566,99.270725,-30.5287825
Christopher Blankenship,28,Jacqueline Locks,Darrenside,Maine,15306,-13.772483,73.3162685
George Pham,75,Kurt Summit,Munozchester,Kentucky,74674,166.939655,-11.3479915
Dawn Castro,35,Michael Land,Kristinafurt,Pennsylvania,03432,55.177523,71.426111
Kimberly Johnson,72,Tamara Drive,North Davidfurt,New Hampshire,33366,134.033960,-49.044212
Bryan Heath,77,Hunt Parkway,Andersonbury,Vermont,70691,-46.212990,-18.076140
Edward Roberts,58,Jason Parkway,West Jonathanmouth,Pennsylvania,12410,169.087356,74.980517
Brandon Pitts,68,Kimberly Ports,Hendricksview,Iowa,70001,113.541188,-48.7039445
Amy Fletcher,73,Monique Pike,Lake Peter,Connecticut,90869,-160.205254,62.9593865
Dr. Katherine Bishop,52,Williams Valley,South Brandonside,Maryland,43858,64.014850,-86.0719845
Pamela Clarke,32,Becker Mountains,New Melanieside,Montana,42781,-101.800729,56.6825265
Jasmine Ballard,25,Sheena Pine,New Marilynbury,Oklahoma,96439,176.755999,81.455064
Jonathan Huff,30,Tammy Via,Edwardshaven,Wyoming,20553,-105.861220,3.395605
Thomas Crawford,57,Dale Rest,Chadburgh,Vermont,03156,35.737235,-36.7764465
Brandon Goodman,28,Christina Fords,North Edwardfort,Washington,45035,-135.891307,-82.6379015
Brandon Morse,25,Freeman Lights,Port Russellside,New Jersey,77472,72.766150,-23.3688165
Hailey Thomas,18,Reilly Park,West Austinshire,Oregon,39711,36.075917,-71.135074
James Curry,23,Duncan Valley,New Eric,Idaho,26174,138.605544,49.9538705
Charles Gonzalez,79,Tara Drive,North Alicia,Nevada,66333,-161.028389,-69.1946205
Sierra Miller,70,Michael Square,New Alexanderview,Kansas,70872,-172.068512,64.703713
Robert Paul,63,Billy Village,New Thomasport,Utah,47240,-121.329530,9.230140
Raymond Smith,34,Estes Forge,Cheyennebury,Wyoming,55149,-167.652522,79.377205
James Johnson,42,Schneider Lake,East Mariaport,Wyoming,28961,-165.940864,48.884432
Michael Todd,19,Robbins Oval,Robertsonberg,Wyoming,72202,156.518983,29.681515
Corey Mccormick,45,Cobb Oval,North Emily,Arkansas,54525,-52.775023,27.4554865
Beth Neal,76,Ross Ways,West Shelleymouth,Vermont,51180,-85.329371,40.4416525
Daniel Fisher,69,George Forge,Jameschester,Virginia,72364,149.705030,68.823756
Tara Butler,53,Kimberly Springs,Lake Aprilview,Kansas,02549,-83.735348,-65.2687255
Donna Garcia,28,Lee Island,North Williamberg,Delaware,77910,-124.817754,13.0995895
Patrick King,67,Wilson Parkways,Benjaminton,Nevada,53052,-179.823211,87.356676
Brenda Jenkins,62,Rodriguez Gateway,South Gina,Minnesota,83411,167.779733,-85.0835365
Jennifer Hendrix,53,Glover Hill,Port Mark,Nevada,19524,117.209273,-56.682581
Elizabeth Ayers,57,Taylor Radial,New Jeremy,Colorado,50401,-65.712866,28.4055025
Thomas Davila,77,Victoria Summit,Port Jennifer,Oklahoma,53356,103.896515,67.8042105
Alicia Heath,30,Moore Prairie,Lake Jennifer,Tennessee,89740,-160.104780,89.8217075
Tina Hampton,64,Phyllis Tunnel,Jacksonshire,North Carolina,66725,147.247740,6.5777955
Sandra Fletcher,72,Pugh Forest,Stuartmouth,Pennsylvania,77930,153.078583,-83.2112565
Jennifer Simmons,43,John Square,West Eugene,Pennsylvania,79524,-65.198717,-33.2497745
Justin Carrillo,53,Rebecca Shoal,West Michaelfurt,New Jersey,14902,-85.283129,1.604489
Kelsey Melendez,42,Medina Via,Jasmineburgh,Kentucky,59201,-14.792783,21.485749
Courtney Bell,42,Neal Pass,Griffinberg,Michigan,71257,-57.266016,38.619550
Samantha Zuniga,34,Patterson Glens,Cameronhaven,Nevada,41185,32.254056,65.1348255
Christina Jones,47,Kaitlyn Well,West Heather,New Mexico,75858,28.215667,3.5956035
Kelly Coleman,34,Christopher Ridge,East Brianna,West Virginia,13352,-81.860571,-43.528719
Joan Pope,76,Nancy Burgs,Amandaborough,Kentucky,46058,-121.475645,10.415402
Dawn Rose,20,Jasmine Gateway,Robinton,Arkansas,81839,-26.423861,-14.838910
John Massey,76,Kenneth Cliff,Toddfort,Pennsylvania,67702,-101.474248,80.2095635
Jake Hensley,62,Carpenter Street,Robinsonstad,Illinois,48483,144.197351,-33.8035525
Sarah Tucker,29,Sarah Mountains,Cindyburgh,South Carolina,12369,-97.631815,-50.7390085
Tammy Waller DDS,74,Hannah Ports,Sheenaburgh,Washington,13404,88.433557,73.7519425
David Martin,21,Ana Pines,Port Jamieport,Texas,36764,-177.046052,-82.645388
Leslie Smith,52,Charles Ports,Joshuamouth,Arkansas,65940,110.201383,-14.7689245
Blake Sanchez,61,Michael Pass,Sarabury,Rhode Island,28737,-173.519638,-41.515036
Christopher Sanchez,63,Fleming Mountain,Frederickhaven,Vermont,64917,-174.760618,78.261017
Sharon Neal,37,Kramer Camp,Karlaport,Florida,73511,-109.283296,55.168091
Christopher Hendricks,35,Cooper Bypass,Laurenburgh,Nebraska,11699,-8.150814,5.039308
Ryan Roberts,41,Hubbard Isle,East Christinafurt,Wisconsin,28345,-78.853493,84.4522595
Andrea King,43,Reyes Land,Brandonland,Wyoming,67496,20.434271,-34.3257145
Jeffrey Aguilar,65,Chelsea Haven,South Michael,Kansas,33326,123.393910,-26.510447
Travis Ramos,29,Love Union,East Charles,Missouri,70313,177.135994,-36.6833335
Virginia Gilbert,44,Chris Vista,Port Jessicamouth,Kansas,46713,-24.222178,-12.408721
Adam Lara,42,Tucker Way,Nicholasmouth,Arkansas,34138,149.982162,-83.744611
Suzanne Sanchez,44,Kayla Wells,Jacksonburgh,Mississippi,61650,23.869512,-45.194098
Mrs. Sara Elliott MD,41,Patrick Overpass,Aprilburgh,North Dakota,75884,109.436806,-85.5663625
Mitchell Esparza,19,Jackson Burg,Kaylaville,Florida,09051,-170.243607,-8.711763
Curtis Costa,61,Salazar Villages,New Laura,North Dakota,42732,136.885666,-24.278845
Tammy Aguilar,62,Nicholas Freeway,Port Michelle,Wisconsin,32132,179.638519,-34.9911845
Teresa Butler,60,Angela Brook,Port Emily,Oregon,83042,68.358894,-39.5830315
Michael Hill,26,Rebecca Hill,Jamesside,Rhode Island,70577,52.635541,21.251066
Mark Gutierrez,51,Jones Radial,Duncanfort,New Jersey,89233,167.931843,-71.796262
Richard Parker,60,Angela Inlet,Burnshaven,Minnesota,43852,-71.906911,13.9712115
Austin Roach,52,Stephen Island,Danielletown,Kentucky,91182,-54.342121,46.800352
Micheal Petersen,67,Page Green,North Courtneyhaven,Massachusetts,10399,-162.526226,37.0350165
Courtney Collins,50,Kathryn Overpass,North Matthewville,South Dakota,26216,130.379574,-52.6578885
Eric Miller,43,Benjamin Creek,New Kimberly,California,61686,118.701138,37.534312
Angela Petersen,65,Mccall Row,North Jonathon,Nevada,76132,-136.842816,17.082126
Vincent Andersen,52,Timothy Passage,North David,Illinois,62186,14.317705,-86.169959
Jennifer Elliott,28,Saunders Junctions,East Heather,Colorado,15125,-0.285537,-24.6672795
Darrell Costa,79,Phelps Freeway,Youngberg,Missouri,63243,142.345433,26.6066735
Hailey Parker,18,Linda Route,Johnsonbury,Rhode Island,90341,178.662251,50.360889
John Kelley,68,Nicholas Extensions,South Nicoleland,Oregon,04902,145.091125,-76.4644455
Amanda Tanner,22,Whitaker Bridge,Port Tracyville,Missouri,23774,88.042374,-4.159557
George Hamilton,51,Burns Rue,Bishopbury,Colorado,97998,141.636793,-56.6199885
Katie Dawson,27,Ross Estate,Shieldston,Nebraska,27000,-148.852194,85.477878
Jacob Freeman V,35,Johnston Spring,Lesliemouth,Colorado,58367,90.303153,24.565763
Jared Young,54,Kurt Creek,Newmanton,Missouri,22164,-29.601786,24.2722955
Richard Wood,21,Taylor Common,East Jonathanborough,North Carolina,42683,-2.626656,-29.5207505
Pamela Potter,80,Barrera Island,Bradleychester,North Dakota,96621,35.425531,-19.6032205
Patrick Hernandez,35,Andrews Well,Johnsonport,Illinois,08340,-130.084479,-43.934539
Gregory Daniels,44,Lara Circle,Alexanderchester,South Dakota,75510,-119.977168,-16.4240715
James Harris,59,Taylor Mount,Justinfurt,Michigan,66426,111.643737,86.230265
Natasha Hampton,65,Audrey Ferry,Chasefort,North Carolina,18126,87.916146,54.165383
Tina Terrell,62,Wallace Shore,Shermanland,Connecticut,49717,62.659692,62.609529
Amber Snyder,60,Gina Green,South Peter,Indiana,09380,12.639596,46.2264255
Amy Marshall,27,Luke Square,East Allison,Indiana,68612,49.655416,43.3724235
Michelle Cowan,71,Foley Walk,Jenniferburgh,Tennessee,97405,107.498608,3.8216425
Chris Bullock MD,71,Perry Well,Johnfurt,Massachusetts,34776,128.889760,33.734305
Sherry Chapman,26,Tracy Skyway,New Emily,Idaho,19010,6.835896,-60.4104755
Shelley Riley,33,Hoffman Island,New William,Delaware,39172,-127.322713,23.7282745
Lori Simon,26,Booth Lane,Thompsonton,Delaware,77851,-120.437273,-80.5599235
Sean Jones,31,Rachel Plaza,West Danielchester,Louisiana,31111,79.442629,-85.921088
Stephen Lynch,71,Kathleen Land,Lake Christopher,Illinois,66206,-179.486575,-21.321174
Timothy French,65,Schroeder Road,Lake Ryan,Rhode Island,47730,52.627637,-10.936178
Brandon Miller,29,Brown Canyon,Robertsland,Vermont,07109,93.410620,-43.2838335
Zachary Richard,40,Christopher Gardens,West Maryburgh,Virginia,96996,30.271763,10.4178355
Wayne Terrell,80,Hoover Mills,Port Jamesshire,Massachusetts,39696,-166.544355,-4.333206
Jonathan Arnold,31,Michele Knolls,Port Stacyfort,Missouri,15422,124.763872,49.6155095
Barbara Sexton,61,Jones Forest,Lake Amberside,North Dakota,80193,-161.579478,68.860038
Christy Peters,79,Douglas Summit,Johnsonton,Colorado,24522,172.190210,7.1566245
Jacob Barnett,79,Saunders Pines,West Elizabeth,Washington,84517,26.131956,40.162794
Jeremy Shaffer,28,Sarah Fall,Joychester,Virginia,95464,90.984815,2.5798665
Crystal Bradford,78,Rogers Crest,Markmouth,Utah,47775,92.171802,85.839340
Alyssa Carson,76,Michelle Village,New Tiffanybury,Colorado,43374,31.677489,-87.672185
Benjamin Bell,47,John Village,East Adrian,North Dakota,53876,-129.140515,-20.237576
Emily Alexander,79,Teresa Road,Port Regina,Oregon,07467,158.707365,-23.5694785
Dean Fisher,61,Anderson Hollow,Timothyhaven,Iowa,43808,-136.153238,-79.6198235
Keith Gonzalez,35,Lisa Estates,Brianmouth,Colorado,20264,-109.532178,23.3583385
Sherri Shelton,54,Greene Summit,Jenniferborough,Utah,10941,79.925971,13.0001425
Ryan Smith,75,Gary Courts,West Margarethaven,Michigan,54585,89.035138,-31.932218
Crystal Fuentes,61,Kim Street,New Scott,New Mexico,18031,-156.542068,-5.043273
Peter Carter,56,Meadows Lights,Finleyburgh,Minnesota,05890,100.355182,-4.769846
Gregory Hess,76,Kelsey Tunnel,South Scotttown,Alabama,09504,7.624098,73.1369055
Jason Carey,79,Jennifer Isle,West Carrieview,Nevada,55563,109.164139,11.0926015
William Mata,26,Kristen Keys,Crosbyside,Louisiana,66862,68.400947,-78.6544825
Danielle Weaver,77,Mccoy Village,Toddville,Mississippi,65145,64.078346,4.277502
Peter Jackson,72,Mullins Rapids,Christinabury,Virginia,87202,-115.740645,-40.933346
Cynthia Collins,39,Arthur Ridge,Lake Ryan,North Dakota,67011,158.764749,23.2649705
Regina Villanueva,50,Williams Fork,Henryland,Montana,88361,134.963763,-61.215757
Jennifer Miller,33,Collins Parkway,North Angela,Georgia,88694,-97.586882,73.9181645
Terry Wilcox,61,Cruz Manor,North Steven,Wisconsin,48599,-50.989108,8.3428165
Martha Zimmerman,23,Fox Parks,Ronaldton,Oklahoma,49074,-0.079192,-78.706651
Sheila Martin,80,Ronald Run,West Jessicaside,Tennessee,09225,122.717189,-79.373532
Alexandra Carter,33,Stacey Plains,Patrickchester,Rhode Island,93273,15.106343,-75.5231005
Candace Sloan,41,Richard Expressway,Tinamouth,Nebraska,21753,42.611869,21.7791085
Trevor Jones,75,Lawson Knolls,North Aaron,Georgia,00834,-161.088895,-63.7676745
Elizabeth Hernandez,46,Karen Village,Kylefurt,Mississippi,02608,82.143742,60.4253625
Beth Brown,53,Mary Burgs,Davishaven,Wisconsin,58138,154.140921,5.831848
John Mitchell,53,Hughes Key,West John,California,44406,175.893042,1.049512
Reginald Cabrera,46,Tom Rest,West Kennethland,Tennessee,25706,-41.570008,-30.3199455
Thomas Gomez,79,Glover Keys,Oliverton,South Dakota,30268,46.149524,-77.1550115
Frank Adams,29,Matthew Turnpike,New Patrickville,Connecticut,59591,-161.395288,-46.2404855
Aaron Hall,78,Rita Center,New Yesenia,Kentucky,92107,-150.795626,-7.0093945
Emily Clark,49,Wright Junctions,Lake Jeffrey,North Dakota,73668,155.370163,-81.950069
Ryan Calhoun,21,Kevin Station,Brendaborough,New Mexico,41670,-64.959760,-48.917620
Steven Schultz,18,Kathryn Inlet,South Amy,Illinois,19500,-160.607808,31.2010145
Tammy Brown,59,Fleming Trace,Port Melissa,Georgia,95830,-106.098369,73.4675795
Kelly Bowers,27,Hancock Plaza,West Amber,New Jersey,03289,-61.267250,42.266270
Linda Moon,21,Miller Lights,East Gabrielleview,Vermont,64387,163.158157,75.8645745
Timothy Taylor,53,Kevin Lodge,Mooreshire,Missouri,40209,-16.685567,-75.293949
Richard Lopez,21,Matthew Place,Port Johnburgh,New Hampshire,58884,153.179574,-47.077711
Brian Lopez,25,Valdez Streets,Mcclainstad,Mississippi,97438,91.554804,68.0457515
Heather Molina,62,Jeff Glen,East Elizabeth,North Carolina,41735,87.994162,55.823034
Derrick Strong,33,Tracy Inlet,Carrieport,Hawaii,76608,109.253207,34.4688365
John Perez,71,Joseph Creek,Browningstad,Indiana,75278,-153.791712,-48.709484
Mary Dawson,33,Russell Streets,Lake Christopherport,Michigan,91984,98.295957,-9.1885425
Tiffany Thomas,21,Thomas Pass,South Sherry,Maryland,60813,-173.530746,-39.2951965
Sally Cox,66,Nathan Summit,New Stacyside,Missouri,04636,-168.643192,-17.215386
Thomas Velasquez,60,Gonzalez Landing,Erinmouth,Arkansas,83116,-116.606030,-83.1670275
Diane Oconnor,66,David Tunnel,Duncantown,South Dakota,63655,-49.791248,-9.7401075
Sean Byrd,19,Watson Row,North Jose,Maryland,34102,14.565509,81.079912
Timothy Manning,27,Shari Plaza,Kaitlinside,Maine,54921,74.568625,-70.505178
John Shaw,55,Michael Knolls,Tinafort,Kentucky,51438,-20.085237,-14.220796
Joseph Freeman,32,Spears Turnpike,Lake Christopher,Maryland,08933,73.596101,16.413488
Christine Brady MD,47,Heather Avenue,New Timothychester,Maine,70798,-104.233460,-34.4578725
Andrew Solomon,31,Kaufman Shore,North Clayton,Maryland,10386,74.989038,-9.9490025
Karen Garrett,60,Timothy Parkways,Angelabury,South Dakota,71978,-75.275812,51.5775505
Stephanie Weiss,68,Davis Grove,Ryanmouth,Louisiana,91328,158.418496,78.793930
April Ward,52,Matthew Harbor,West Jennifer,Oregon,46439,86.917968,-30.087180
Jeffrey Jensen,33,Chapman Summit,Lake Toddberg,Indiana,89243,32.486380,-87.940818
Donna Randall,41,Johnson Forks,Michaelberg,Virginia,23909,86.837992,-9.6310645
Justin Nichols,45,Barbara Stream,New Christopherburgh,Illinois,48043,62.006697,-66.2373035
Elizabeth Smith,45,Jose Grove,Carrieburgh,Wyoming,76714,-156.911249,-14.856577
Danielle Delgado,30,Gardner Mount,Lake Brendanshire,Maryland,74237,-155.629565,-68.097586
Gilbert Davis,54,Janet Spurs,Crawfordside,Indiana,98244,-42.499701,75.7170575
Samantha Vasquez,23,Timothy Tunnel,Mathewsville,Colorado,77432,41.483949,70.3990545
Tracy Roy,18,Catherine Route,South Melissabury,Georgia,52719,148.467928,29.9893915
Bryan Johnson,33,White Mount,West Maria,South Carolina,41517,92.290472,68.7304885
Christina Anderson,80,Ryan Parkway,Deniseville,Nebraska,78882,44.745343,83.850327
Suzanne Cooper,34,Katherine Orchard,Rodriguezburgh,Utah,98288,43.129864,81.8257625
Paul Hale,53,Olsen Well,West Matthew,Georgia,05399,87.207221,-61.2583475
Joseph Franklin,46,Dougherty Coves,Hessport,North Dakota,17283,-16.909641,-87.0478135
Joseph Cole,31,Moore Valleys,Lake Andrea,Hawaii,16729,92.768153,19.0887185
Isabella Chambers,43,Victoria Canyon,Andreaside,Rhode Island,33625,-116.200717,-7.6095775
Paul Hernandez,43,Hanna Lake,North Natasha,South Carolina,10588,-123.614263,47.3244815
Alan Ryan,37,Martin Coves,Davidton,Ohio,25668,-156.696511,-64.750127
John Murphy,31,May Falls,Deannaland,New Mexico,07670,75.183421,-83.5873835
Roger Douglas,26,Benjamin Track,North Ronaldbury,South Carolina,63686,76.692065,-40.1370895
James Hess,45,James Summit,East Lisa,Montana,57128,-72.370852,46.522056
Heidi Durham,77,Paul Trail,South Curtisland,Delaware,21270,-53.214631,67.7856945
Hailey Reed,69,Levi Ports,Port Alicia,Arizona,07892,130.699166,-83.6522015
Matthew Hahn,55,Lewis Fords,Carsonborough,Arkansas,60059,96.496475,-87.7897585
Jose Guerrero,50,Powell Trail,North Victoria,Michigan,92123,-130.710566,88.707774
William Ross,36,Harris Hollow,Chandlerburgh,Nebraska,16284,-14.742042,-83.5196215
Taylor Wood,31,Garner Points,Joseport,Massachusetts,24147,159.394333,-38.4333935
Heidi Thomas,40,Kelley Camp,Danielfurt,Vermont,75863,-11.222696,-35.475361
Michael Davis,57,Kevin Glen,Lake Brian,Utah,07496,-48.327914,7.6596755
Joshua Sharp,19,Noah Villages,East Markmouth,New York,87044,163.581351,-19.1686325
Bethany Potts,46,Jacqueline Roads,West Emily,Maine,13805,-160.810855,69.261629
Matthew Davis,74,Paula Row,North Allison,Nebraska,61506,30.849433,-10.8172815
Teresa Mann,33,Ryan Lodge,Danielmouth,North Dakota,08252,-26.746266,32.6687705
April Diaz,50,Kristy Flats,East Rodneyport,New Jersey,48841,-34.128631,17.668047
Ronald Weaver,25,Gregg Island,West Rhonda,Texas,96550,-59.464075,39.436728
Lisa Rodriguez,34,Murphy Terrace,Billyfort,New Mexico,64849,55.064096,79.2289115
Diane Casey,62,Julia Plains,New Johnborough,Idaho,97974,-26.385640,56.0022485
Lisa Wright,53,Cindy Ranch,West Jamesfort,Massachusetts,25005,-156.314436,-71.0020625
Christopher Lewis,53,Hughes Skyway,West Latashabury,Maryland,05508,33.505935,-76.9618635
Ricky Reed,70,Frost Plaza,Frankburgh,North Carolina,86625,-38.599269,18.424522
Heather Floyd,70,Moore Summit,Mejiaville,Idaho,89403,-75.065300,65.298194
Michael Franklin,47,Angela Avenue,Port Ann,Arizona,98407,-57.018360,-75.1283965
Michelle Hardy,80,Janet Inlet,Lake Austinstad,Maryland,09706,5.077969,23.029876
Paula Maldonado,39,Amy Meadows,West Alicia,New Jersey,84921,-73.881269,-47.990812
Curtis Smith,38,Haynes Crest,Darrylshire,Indiana,23080,148.751791,86.1493415
Lauren Andrade,42,Thompson Estates,Brandishire,Massachusetts,19034,-140.680463,-0.478709
Mark Hayes,60,Mahoney Groves,Thomasside,Ohio,07026,63.348848,24.050568
Vanessa Cole,48,Holly Rapids,Millerberg,South Carolina,46608,-96.191739,-68.836831
Danielle Welch,42,Byrd Mountains,Lake Hannahfurt,South Carolina,03996,-25.438641,-56.915776
Lisa Kramer,31,Theresa Villages,Port Kelsey,Utah,54945,-149.691043,82.5922605
James Wood,39,Hubbard Stream,Lake Jennifer,Colorado,67886,-101.803971,42.168355
Kelly Foster,55,Edwards Ramp,Lake Steven,Nevada,36517,67.622648,-73.127220
Jasmin Young,69,Chang Place,Christinaville,Rhode Island,45980,-61.386057,85.424991
Melissa Boyd,49,Shah Drive,East Jasonborough,Washington,07750,-13.982700,49.846396
Lori Malone,21,Jones Pines,North Lindaborough,Missouri,22996,-127.566407,-15.611341
Mark Jackson,21,Sabrina Plaza,South Colton,California,51406,142.798032,-81.912293
Valerie Mills,18,Steven Unions,Port Brittany,Montana,39087,-107.090815,47.1042145
Eileen Hanson,77,Crystal Terrace,Jenniferfort,Arizona,16646,-29.342280,75.6368885
Jill Lee,25,Powell Crest,East Donna,Illinois,31678,118.423450,43.2670015
Brittany Dunn,28,Christina Street,East Gregory,Iowa,80923,-95.321137,33.936174
Tammy Wright,43,Hughes Flats,Oconnorberg,California,38269,-31.646390,-72.4510625
Sarah Lee,24,Harris Shore,North Elizabeth,Hawaii,14599,-165.622489,-86.408636
Allen Garcia,46,Nicole Mountain,Knightfurt,Tennessee,03596,178.370924,75.675244
Lynn Garner,69,Ross Inlet,East Tyler,Ohio,06016,135.546470,-81.5917715
Heather Bean,38,John Coves,Lake Andres,Massachusetts,02416,52.489514,69.640954
Amber Ellison,21,Dan Expressway,New Tonyaside,Nevada,87416,81.998852,17.2913295
Thomas Baker,27,Thomas Circle,Ryanchester,Maine,40133,-36.785866,-78.7428335
Matthew Clark MD,19,Mendoza Route,East Amyside,South Dakota,82024,-67.702894,48.453431
David Moore,76,Nathan Mountain,South Danielhaven,Illinois,59808,-163.007758,67.206059
James Porter,28,Hamilton Bridge,Toddport,Utah,81580,-163.704133,53.2180815
Monica Pineda,22,Dixon Parks,Nelsonbury,Washington,96241,-44.735967,88.9404435
Alexandra Williams,26,Schultz Walks,Leonardfort,Virginia,78335,-39.792623,-85.995976
Scott Riddle,27,Garza Skyway,Harrisstad,Wyoming,63653,76.896912,-11.645521
William Lucas,23,Jennifer Lodge,Lake Davidchester,Maryland,99842,94.057295,-15.4160515
Alexis Blevins,34,Tanya Skyway,Lake Meganborough,Idaho,13754,-98.621275,-27.454478
Melissa Baxter,64,Booth Avenue,Port Paulshire,Iowa,14963,4.627486,-77.023656
Tristan Escobar,78,Jesse Gateway,North Alexaton,Alabama,76327,-125.149613,-64.7336725
Priscilla Watson,24,Thomas Place,Estesburgh,Georgia,64218,168.806011,29.6565985
Diane Griffith,59,Gwendolyn Corners,Port Gregoryburgh,Tennessee,18147,-97.303281,29.023627
Daniel Powell,25,Garcia Drive,Lake Jonathanside,Massachusetts,55960,-79.933485,77.114898
Caitlyn Ramirez,24,Payne Ridge,Kristenbury,Missouri,77457,114.665917,-23.9962475
Pamela Montes,39,Brandon Rest,North Kellyshire,Oklahoma,06403,-3.316626,-46.5840295
Robert Copeland,62,Hartman Forks,South Matthewville,North Carolina,67961,117.298944,70.212041
Annette Mcgrath,66,Donna Alley,Griffithfort,Michigan,45034,-84.610204,-41.081272
Donald Sloan,60,Leblanc Trail,Castilloton,Washington,61351,20.165989,-69.3966625
Daniel Herrera,80,Jordan Loop,Christophershire,Maine,74026,-178.279903,-23.199731
Susan Kerr,44,Sarah Groves,Jerryport,Arkansas,11374,-130.633507,76.5134665
Jimmy Howe,30,Adams Greens,Rileyview,Maryland,28045,-175.790522,-9.3262515
Desiree Reed,47,Diana Mall,West Stephanie,Michigan,02722,20.291021,-22.6604595
Yolanda Stanton,51,Hall Parkways,East Jason,West Virginia,69050,140.081633,-8.2343475
Matthew Bennett,72,Campbell Light,Charlesberg,Washington,09189,-48.555100,-41.543119
Jonathan Washington,66,Diaz Throughway,Lake Sharon,Pennsylvania,72185,-6.521890,21.421758
Brooke Moran,18,Hernandez Village,Lake Danborough,Nevada,15737,111.388129,-76.699947
Laura Ayala,80,Cody Island,Port Cathy,Kentucky,60207,-60.930391,37.9117105
Kyle Taylor,49,Hernandez Via,East Joshuaville,Connecticut,77148,-10.391625,18.131980
Mr. Matthew Clark,67,Reese Ports,West Wanda,Illinois,97451,68.189483,79.9195115
Scott Coleman,50,Frazier Crest,New Holly,New Mexico,89634,-152.965705,43.638925
Joseph Gonzalez,31,Douglas Orchard,Whitneyland,Missouri,98317,49.232058,60.390016
Steve Lang,26,Karen Keys,Port Kevinburgh,New York,66172,48.086898,-47.090520
Sara Vega,43,Stephanie Ville,Robertmouth,Delaware,11268,-127.415299,62.6721495
Amber White,34,Michael Court,West Karenmouth,Nebraska,69639,-173.311678,-54.1395895
Edward Berry,28,Michael Hills,New Michelleshire,Tennessee,96836,-112.751711,-27.316537
Shawn Lopez,28,Darren Drives,Piercetown,Massachusetts,19058,93.157088,67.5241815
Daniel Gilmore,54,Matthews Vista,Port Michaelhaven,Pennsylvania,86717,-10.932868,-40.536468
Eric Miller,38,Kelly Hill,North Natalie,Florida,52945,-162.906865,48.760252
Mark Marsh,74,Rodriguez Drives,Dudleyland,Texas,67599,35.567940,83.505491
Kimberly Cooper,64,Ferguson Radial,Lake Marymouth,Iowa,03747,-142.181796,-67.617757
Barbara Hernandez,26,Mcdowell Mission,North Aimee,Colorado,61169,-128.761368,15.273579
Jason Wells,37,Jeffrey Island,Fullerberg,Oklahoma,06439,-139.074272,-27.7767915
Mary Bell,71,Brittany Village,Lake Tanyashire,Alaska,87106,60.522665,-34.879295
Roger Lopez,50,Bobby Mission,New Austin,North Carolina,49925,-78.566252,50.4320225
Isaiah Garcia,80,Emily Estate,Wesleychester,Alaska,37011,14.202057,3.144214
James Beltran,33,Warner Pines,Rollinsborough,Pennsylvania,28719,-1.997065,-59.736942
Karen Williams,37,Marquez Mall,Stoneport,Georgia,47619,77.046973,-13.553475
Christine Alvarez,19,Elaine Freeway,East Joseview,Missouri,28513,175.437764,-50.205146
Richard Sexton,59,Marks Courts,Everettland,Tennessee,63002,-134.056295,-1.558095
Lisa Shaw,64,Williams Road,Wadebury,New York,65183,-135.252065,-42.8854035
William Dennis,39,Amy Courts,Youngside,Iowa,75867,46.074981,-40.206066
Jesse Garcia,78,James Ports,New Michelle,North Carolina,48713,-70.208043,12.641609
Amy Reynolds,72,Matthew Manor,Lake Ashleyhaven,Alabama,11729,-101.692944,85.4196695
Christopher Malone,46,Matthew Cliffs,Markshire,Missouri,72821,71.370548,-60.7146825
Elizabeth Long,43,Paul Knolls,South Jasonburgh,Kentucky,58519,-179.089172,-23.8550715
Joshua Padilla,37,Donald Mews,South Michelemouth,Mississippi,82453,66.146729,-15.0224195
Alexandria Johnson,19,Wright Gateway,Sancheztown,Alabama,85793,-166.152098,59.0003875
Kim Ray,38,Fox Hill,East James,North Dakota,17881,-68.277711,-32.428925
Amy Gonzales,45,Abigail Street,Davisburgh,Delaware,44725,34.552078,-31.352197
Rebecca Reese,65,Price Rapid,Lake Andrew,Arkansas,96319,-1.530942,29.922444
Mrs. Brandi Anderson MD,30,Black Squares,Tinaland,Maine,25033,169.457921,89.076196
Marvin Rodriguez,27,Jeffery Mountain,Jenniferburgh,Arizona,72694,45.135472,-57.1748445
Matthew Reynolds,37,Jennifer Fields,Jacquelineton,Florida,12006,-0.999180,56.447463
Audrey Snyder,32,Love Plains,New Candicebury,Wyoming,34216,-64.754080,33.1841245
Jeff Villa,74,Cross Summit,East Mistyfort,Illinois,39678,44.917988,-43.268512
Jessica Rivera,80,Sabrina Run,New Robertmouth,Florida,88172,-31.128261,45.946323
Mark Hardy,52,Lauren Ridges,Gonzalezchester,Nebraska,71140,7.461061,44.352180
Robert Winters,68,Wade Overpass,North Bethport,Utah,15262,89.384582,-30.384079
Maurice Wright,44,Edward Fork,Rodriguezberg,Pennsylvania,74807,-79.547229,-36.228145
Justin Bean,68,Wheeler Park,South Cynthia,Wisconsin,17651,138.478725,87.907152
Robert Jones,42,Conley Stravenue,North Matthew,Nevada,09782,-43.540698,17.366214
Jessica Kelly,35,Ewing Plains,Lindaville,North Dakota,94980,-48.449395,30.808540
Jonathan Butler,40,Holder Groves,Brownport,Wyoming,87850,38.481971,59.6158785
Michelle Wolfe,35,Adams Villages,Autumnburgh,Illinois,09027,35.976615,39.521648
Paige Rivera,51,Mary Oval,West Rachaelfort,Texas,85019,-47.600802,-34.8243825
Kelly Cooper,29,Willis Hills,Hawkinsfort,Texas,90803,-101.786668,42.331819
Lisa Mendoza,23,Amanda River,East Corey,Georgia,42844,-115.624044,45.080391
Amanda Brown,76,Brittany Cliff,Adammouth,Illinois,42985,-72.645903,46.690814
Melissa Campbell,23,Dawn Spur,Lake Timothy,Texas,89998,96.723599,-82.7167825
David Miller,61,Anna Landing,West Tyroneview,Tennessee,11600,19.042267,56.901251
Jeanne Anderson,76,Osborne Burgs,Port Breannaland,Utah,06235,-9.277022,16.875266
Victoria Wolfe MD,21,Mathew Light,North Ronaldhaven,Alabama,05483,-33.914361,-27.5887295
Michael White,41,Benitez Via,North Stevenstad,Montana,89456,130.887724,-2.407430
Shannon Murphy,18,Scott Glen,South Kimberlymouth,New York,02550,179.549385,0.545082
Michelle Ortiz MD,46,Shields Turnpike,Weststad,Michigan,26211,-51.042425,-62.996329
Kristen Horton,79,Stephanie Shoal,Elizabethville,Wyoming,01223,133.919129,-85.3633815
James Lambert,75,Lee Motorway,Port Juliatown,Virginia,90496,127.776020,25.690387
Paula Craig,21,Walker Field,New Kimberly,Washington,48492,110.512384,-17.525603
Kimberly Lane,48,Crystal Turnpike,Bentleychester,Minnesota,30400,-90.806955,78.069743
David Rodriguez,49,Ryan Track,Carrilloside,Wisconsin,54531,140.791409,40.773874
Wendy Gonzalez,24,Mathis Mews,Bellberg,Iowa,23022,132.044730,-48.153858
Lisa Hernandez,30,Troy Point,Garrettchester,Arizona,31319,-109.094178,55.388129
Jenna Christian,48,King Flats,Mercedesstad,California,59845,-50.775410,-62.355998
Kristie Carter,38,Karen Turnpike,East Adrian,Missouri,64171,-160.231570,0.083867
Lisa Jacobs,27,Villarreal Junctions,Georgefurt,Connecticut,34945,-139.593974,-58.7442835
Wendy Bradley,41,Collins Turnpike,Leahview,North Carolina,82055,146.593259,70.448539
Christopher Mcdowell,63,Kelly Trail,Kempport,California,27465,40.883134,49.837704
Nicole Beck DVM,32,Gonzales Pine,Douglasport,South Carolina,25569,165.574672,-73.5560375
Kelly White,28,Emma Viaduct,North Manuelfurt,Georgia,82460,42.978643,83.964264
Ian Villanueva,21,Bruce Well,Powellshire,Hawaii,21221,-38.773424,-0.3288455
Daniel Leonard,39,Martinez Ford,Carrmouth,Hawaii,22532,136.330726,50.5066565
Kevin Peterson,26,Reese Views,South Kevinmouth,Tennessee,34117,-81.041065,-52.7020915
Elizabeth Alexander,36,Dustin Grove,Port Shanemouth,Missouri,80895,-17.847229,-70.838136
Christopher Aguilar,19,John Squares,Martinezchester,New Jersey,53022,-59.423029,-3.201318
Cassie Stokes,53,Young Ramp,New Mindy,Montana,94724,141.917216,-27.0140995
Richard Cox,72,Wong Harbors,East Juliebury,Massachusetts,30592,144.713800,7.396545
Benjamin Collins,72,Robert Unions,Melissamouth,Tennessee,10990,47.471630,-18.774772
Stephanie Martinez,24,Ramsey Roads,Phillipston,Arizona,77532,-8.641030,-46.5017035
Diane Taylor,67,Cynthia Dale,Lake William,Kentucky,11410,-37.705065,-21.028187
Kelly Fleming,23,Tammy Squares,Lake Kaylee,Delaware,10390,-101.956163,-71.418947
Christina Palmer,78,Cynthia Island,Weaverland,South Carolina,78231,71.305210,-72.3135405
Thomas Smith,44,Novak Unions,Ericatown,Idaho,21929,161.471457,72.073066
Mark Daniel,51,Daniel Terrace,Ryanberg,New Hampshire,41679,-144.583561,-81.6041645
Cory Williams,23,Karen Parkways,New Christopher,Connecticut,62465,-169.117701,22.6029495
Kristen Hall,24,Kara Ports,East Jason,Wyoming,40499,-27.760110,-55.894306
Christopher Owen,18,Carlson Dam,Foxmouth,Idaho,68915,-38.221656,19.7360735
Danny Rogers,74,Kristy Roads,North Tylerbury,Virginia,77901,-145.699764,-80.607379
Margaret Barnett,43,Acosta Haven,South Melissa,Minnesota,94722,137.068156,-50.433535
Douglas Davis,64,Douglas Ways,North Walterborough,Washington,67587,-75.327165,-53.939492
Patrick Peters,47,Lisa Greens,Brownville,Nevada,99676,83.451065,33.9516025
Micheal Hamilton,42,Zachary Mill,Port Matthew,Georgia,24615,149.494983,-67.2791915
Robert Lara,63,Garcia Keys,Lake Christopher,New York,32369,-93.620850,-72.3069265
Melissa Moore,41,Howard Extensions,South Tylerland,Delaware,92379,-137.001859,-31.299353
Sara Smith,49,Fox Views,Dorothyburgh,North Carolina,67461,59.025552,18.1300635
Suzanne Figueroa,66,Steven Overpass,Riveraside,Virginia,04623,56.939598,-10.444408
Stephen Cook,39,Brittany Turnpike,Amyside,Virginia,86578,-100.395995,-43.6409835
Daniel Hernandez,44,Henson Loaf,Port Larrystad,Minnesota,87124,131.317546,12.1898565
Ryan Burton,24,Stacey Locks,Barberside,Tennessee,79164,-153.737229,6.265644
Paul Hopkins,48,Heather Landing,North Gregborough,Oregon,32477,120.790296,-60.464793
Candice Jimenez,53,Todd Cape,Walshton,Indiana,30185,-14.757913,-79.8943085
Nancy Cooper,31,Marisa Corner,East Timothy,Colorado,62561,68.771982,23.1760475
Ian King,44,Clements Village,East Juanbury,Wyoming,77590,-135.168773,-78.5693545
Shelley Cohen,57,Adams Groves,Kevinton,Oregon,21916,-100.230543,71.8633435
Bryan Thompson,59,Timothy Junctions,North Andrewview,Idaho,15578,-50.174116,76.309304
Lisa Bird,26,Lee Ford,New Robertfurt,Tennessee,71663,32.322502,-29.480239
Michael Lopez,49,Webster Trace,New Madisonside,Alaska,35238,0.272791,-46.411670
Jackson Roberts,78,Pacheco Garden,West Ashley,Louisiana,47319,-93.795777,73.994615
Amy Griffin,46,Elizabeth Court,West Richardfurt,South Carolina,97018,-163.315786,18.2268885
Michael Alvarado,57,Osborn Port,New Stephenport,Florida,08570,-14.090293,-70.6095025
Michael Alexander,46,Obrien Bypass,Andersonport,Minnesota,67446,36.797650,53.058503
Brandi Camacho,23,Crystal Hill,Davisport,New Jersey,73800,25.479864,30.7907465
Erika Hayden,56,Proctor Light,Maureenmouth,Georgia,87698,-75.713814,54.4160565
Stephen Thompson,33,Gonzalez Knolls,Port Heather,Hawaii,80759,-170.870145,37.4878015
Tom Howell,80,Wendy Station,East Antonio,Maine,97742,-136.397837,17.6007585
Charles Snyder,54,Jonathan Squares,East Marthafurt,Illinois,60717,4.429746,-6.197407
Mr. John Francis,19,Victor Freeway,Carlland,Nebraska,41037,102.256089,70.9043825
Sheri Chambers,70,Wood Course,North Samantha,Connecticut,77720,-95.568835,66.644593
Jennifer Lewis,25,Johnny Fork,Port Brandon,Montana,54509,-75.055352,-66.505347
Jordan Long,26,Conrad Green,Jennaborough,Kansas,71399,97.971837,34.799553
Susan Hicks,59,Sanchez Spurs,North James,Alaska,48268,96.501506,28.6246775
Charles Smith,54,Nicolas Mission,Lake Linda,Michigan,83548,-13.023904,13.626493
Christine Garcia,30,Tina Creek,Dodsonmouth,Alabama,36700,131.951836,-35.751712
Steven King,70,Rivera Springs,Frazierhaven,South Carolina,54364,-170.953365,79.171310
Molly Kennedy,34,Cannon Flats,Vincentton,Tennessee,62384,110.428575,2.4599115
Mary Krueger,23,Mark Hills,Bondstad,Vermont,55386,-8.191412,-45.8087165
Eric Lee,65,Rodriguez Islands,Mccartyhaven,Michigan,81648,113.624081,89.911469
Laura Spencer,79,Jennifer Mills,South Tricia,Montana,74848,-84.828868,14.8453045
Kimberly Garcia,51,Vargas Squares,North Regina,Idaho,10008,-63.047469,43.985765
Douglas Willis,63,Jeremy Streets,Port Nicole,Montana,35104,16.410675,32.2601655
James King,22,Brandon Via,North Jacob,Nevada,65564,-27.552412,4.854294
Caitlin Valdez,48,Vazquez Crescent,Elizabethfort,Illinois,45214,164.825999,2.730062
Steven Morris,35,Nelson Key,Michelleport,Wyoming,49478,-39.098358,46.952254
Joel Riley,35,Thomas Curve,Hallborough,Alabama,49620,99.789077,-22.461636
Richard Coleman,54,Craig Ville,Mooreshire,New Hampshire,71206,92.210029,-16.412060
Victoria Bradley,44,Ralph Gardens,New Miguelmouth,Oregon,26522,49.872585,-57.1535895
Gregory Reed,18,Steele Rue,East Dawnfort,Nevada,76177,134.120734,16.252842
Joshua Klein,52,Campbell Trail,North Gregorystad,Nevada,50504,53.340154,-21.3576405
Margaret Diaz,32,Ortega Streets,New Frank,Connecticut,04899,-49.411321,53.2421885
Erica Choi,37,Anthony Key,Nancyland,Virginia,72603,-33.069009,51.0187585
Mark Jones,36,Nathan Hill,Salazarhaven,Connecticut,10094,15.345360,81.644490
Bruce Powers,58,Cruz Ridge,North Tinamouth,Michigan,31870,-148.009936,-69.449312
Rita Bullock,57,Chelsea Mall,Melissaport,North Dakota,84486,109.393149,64.5978675
Timothy Collier,43,Bennett Divide,West Jaredville,Rhode Island,62660,-19.750032,-16.844244
Brian Conner,78,Bryant Courts,East Thomaston,South Dakota,54901,151.951697,-25.8137525
Jennifer Hunt,22,Ernest Common,Beardberg,Rhode Island,10764,-153.830159,21.168061
Tiffany Walker,73,Yang Landing,Port Melissaside,Georgia,28970,-108.749319,27.1055065
Miss Kathleen Adams PhD,51,Sanders Ports,East Markchester,Arizona,97146,-2.640988,-1.889124
Michael Young,46,Penny Springs,South Christopher,New Hampshire,69460,-174.288095,-35.7509685
Crystal Rose,20,Boyd Roads,Mejiaside,New Hampshire,44246,167.220798,-32.8882535
Jean Turner,36,Bobby Dam,Gatesburgh,Pennsylvania,29744,-33.454019,45.286339
John Anderson,28,Smith Stream,Port Deborahside,West Virginia,61174,37.242669,37.8731485
Shawn Carpenter,45,Kayla Valley,New Amymouth,Kentucky,38246,-156.462290,-21.230717
Nancy Coleman,74,Morales Turnpike,Lake Angela,Mississippi,76322,-127.538730,84.843197
William Taylor,32,Tony Extensions,Garrettside,Pennsylvania,24996,-39.929695,-56.8935545
Nicole Snyder,37,David Expressway,Lake Chad,Colorado,75264,114.198875,62.1063995
Fernando Clark,55,White Falls,Sheppardville,Florida,37425,18.254291,-77.3107075
Janice Parsons,47,Smith Pine,Moniquechester,Nevada,54021,122.470362,-70.5564095
Edward Collins,49,Boyd Roads,New Briannamouth,Florida,80564,-146.957913,3.156218
Jeff Camacho,69,Taylor Camp,New Kristine,Washington,19556,2.877402,-68.5810235
Joshua Henry,58,Gonzales Ports,Thompsonfort,Virginia,65000,3.369234,89.647951
Mr. Leslie Rodriguez,38,Jason Fields,Brittanyfort,Texas,25516,-176.573929,61.746298
Matthew Davis,51,Rebecca Center,South Amandahaven,Maine,55511,140.688643,33.469479
Katie Woods,28,Simmons Fall,Lake Katherineburgh,South Dakota,40110,51.777820,-22.2317685
Douglas Cook,18,Kelly Junctions,North Jose,Minnesota,27093,5.208520,70.140114
Daniel Baker,79,Melanie Turnpike,Lake Joseph,Georgia,22690,-163.761978,46.9398025
Monica Chambers,80,Maxwell Cliffs,Gilmorehaven,Pennsylvania,73005,55.685484,-21.7745715
Katie Walker,73,Sarah Lake,South Jamesmouth,Indiana,06699,-93.463612,30.273143
Jeffrey Lopez,66,Valencia Fork,Williamshaven,Massachusetts,56096,-34.118815,-86.625767
Paul Villanueva,28,Maldonado Oval,New Thomasmouth,Kansas,43997,8.314183,81.0444805
James Elliott,69,Burke Walk,Harrismouth,Illinois,89986,-75.365754,4.5489975
Kelly Vazquez,38,Sarah Orchard,West Lindabury,Illinois,29391,-42.644867,46.0540905
Jenna Davis,69,Mayer Parks,Kirkburgh,Illinois,55367,-167.806211,-0.079930
Philip Peterson,18,Steven Lane,Elliottfort,Rhode Island,23765,-59.911128,72.1165715
Gina Navarro,61,Joseph Divide,Port Aaron,Washington,13374,-160.025272,-13.717151
Shaun Gordon,56,Wendy Groves,Anthonyside,South Dakota,74901,-1.832950,22.954711
Christopher Mccoy,77,Turner Crest,New Omar,Florida,79152,-166.825475,28.2683765
Scott Santiago II,55,Robert Pine,Vincenthaven,Montana,90014,82.657875,77.759711
Taylor Turner,21,Carroll Tunnel,Sullivanfurt,Connecticut,88790,-66.964048,-82.660889
Trevor Melendez,45,Christine Valley,Port Jasonton,Idaho,84060,19.149463,25.1460805
Timothy Hall,22,Knight Hill,Kylefurt,Kentucky,65984,-7.145443,72.907002
Shawn Stevens,64,Nguyen Locks,North Paulville,South Carolina,39378,-103.851531,78.8236135
Jaime Harris,71,Wilson Camp,Lake Dwayneport,Kansas,93557,89.578204,-66.1124715
Nicholas Mcdowell,66,Miller Turnpike,Wellsside,North Carolina,94709,39.337603,-45.4473455
Susan Obrien,61,Deborah Summit,Kellyfort,Nebraska,04241,-36.682676,-76.7793265
Tonya Hernandez DVM,65,Brewer Crescent,West Ryan,Massachusetts,47471,147.292886,-69.318187
Melissa Matthews,39,Randall Mountains,Lake Shannonburgh,Hawaii,54584,99.457362,-34.402266
Jerome Rivas,59,Vargas Valley,Port Rhonda,Oklahoma,09789,-68.884157,44.667152
Andrea Banks,48,Dominic Tunnel,Lake Russellberg,Arkansas,45397,-32.101901,-68.385533
Holly Wright,36,Duke Keys,Micheleton,Iowa,07961,-31.005184,-24.710106
Ethan Smith,69,Karen Canyon,East Melissa,Delaware,22590,-101.003063,33.593165
Christopher Alvarez,51,Anderson Green,New Robert,Virginia,92638,-117.796853,-56.4166935
Douglas Flores,40,Faulkner Estate,Lucasburgh,Alabama,75349,4.588489,48.0590365
Rebecca Ross,40,Smith Hollow,Christopherview,Oregon,86310,78.284804,-40.318006
Darrell Lane,52,Lisa Place,Edwardsmouth,Rhode Island,99487,157.707027,-6.7753365
Lucas Peterson,18,Powell Gateway,Arnoldport,North Dakota,50977,-30.667057,4.120546
Pamela Myers,47,Flores Hollow,East Stuart,Massachusetts,21882,71.605723,-1.1358125
Carrie Maxwell,79,Elizabeth Rapid,North Kelly,Louisiana,84218,23.115801,-56.011215
Danny Turner,54,Jefferson Ridges,Port Kenneth,Idaho,99793,56.098528,50.807382
Linda Farley,77,Sarah Creek,Lake Logan,Mississippi,63788,20.075392,-50.843968
Douglas Bennett,78,Jennifer Plaza,East Steven,Nevada,84129,83.868296,33.723533
Michelle Jones,30,Melissa Walk,Michaelhaven,Oregon,91758,88.367007,-88.8134795
Tara Hayes,42,Nancy Plains,Robertmouth,Indiana,74509,30.769019,8.1193135
Matthew Torres,39,Sanchez Glen,Lake Shannon,Arkansas,33573,51.329054,64.734202
